movie_id,actor_id
0,0
1505,0
2817,0
2877,0
1,1
305,1
1074,1
1447,1
2,2
36,2
63,2
155,2
600,2
778,2
832,2
953,2
1217,2
1614,2
1774,2
3,3
108,3
164,3
398,3
416,3
523,3
809,3
823,3
849,3
974,3
1001,3
1484,3
1649,3
4,4
48,4
457,4
1981,4
5,5
10,5
13,5
6,6
7,7
615,7
2756,7
3155,7
8,8
37,8
145,8
147,8
243,8
343,8
361,8
652,8
879,8
1658,8
2062,8
9,9
93,9
628,9
910,9
1027,9
1096,9
1795,9
1879,9
2393,9
2960,9
3215,9
3600,9
5,10
10,10
13,10
11,11
24,11
25,11
101,11
151,11
596,11
604,11
647,11
791,11
818,11
890,11
966,11
1243,11
2516,11
12,12
115,12
167,12
225,12
431,12
691,12
853,12
965,12
985,12
991,12
1234,12
1854,12
5,13
10,13
13,13
14,14
15,15
71,15
111,15
165,15
173,15
278,15
484,15
664,15
671,15
687,15
960,15
1003,15
1033,15
1164,15
2527,15
2529,15
2752,15
16,16
29,16
109,16
17,17
73,17
283,17
806,17
1824,17
2037,17
18,18
19,19
239,19
939,19
2641,19
20,20
21,21
359,21
569,21
2578,21
2969,21
3147,21
22,22
23,23
11,24
24,24
25,24
101,24
151,24
596,24
604,24
647,24
791,24
818,24
890,24
966,24
1243,24
2516,24
11,25
24,25
25,25
101,25
151,25
596,25
604,25
647,25
791,25
818,25
890,25
966,25
1243,25
2516,25
26,26
2680,26
27,27
922,27
1000,27
2167,27
2234,27
2768,27
3673,27
28,28
1111,28
2921,28
2936,28
16,29
29,29
109,29
30,30
172,30
412,30
1294,30
2077,30
2181,30
31,31
77,31
181,31
189,31
294,31
301,31
303,31
32,32
81,32
119,32
295,32
313,32
437,32
450,32
557,32
1311,32
2562,32
33,33
341,33
635,33
1039,33
2235,33
34,34
1889,34
35,35
2,36
36,36
63,36
155,36
600,36
778,36
832,36
953,36
1217,36
1614,36
1774,36
8,37
37,37
145,37
147,37
243,37
343,37
361,37
652,37
879,37
1658,37
2062,37
38,38
742,38
3209,38
39,39
159,39
373,39
649,39
774,39
1162,39
1622,39
40,40
925,40
941,40
1009,40
2469,40
2733,40
2811,40
41,41
98,41
162,41
1486,41
2027,41
42,42
43,43
44,44
410,44
677,44
45,45
2815,45
46,46
47,47
675,47
4,48
48,48
457,48
1981,48
49,49
50,50
191,50
448,50
456,50
560,50
710,50
711,50
870,50
873,50
51,51
52,51
83,51
127,51
193,51
318,51
51,52
52,52
83,52
127,52
193,52
318,52
53,53
54,54
353,54
55,55
56,56
2902,56
57,57
64,57
153,57
166,57
207,57
240,57
247,57
2065,57
58,58
59,59
60,59
583,59
737,59
59,60
60,60
583,60
737,60
61,61
62,62
779,62
1205,62
1882,62
2,63
36,63
63,63
155,63
600,63
778,63
832,63
953,63
1217,63
1614,63
1774,63
57,64
64,64
153,64
166,64
207,64
240,64
247,64
2065,64
65,65
66,66
67,67
1958,67
68,68
1602,68
69,69
1642,69
2162,69
70,70
15,71
71,71
111,71
165,71
173,71
278,71
484,71
664,71
671,71
687,71
960,71
1003,71
1033,71
1164,71
2527,71
2529,71
2752,71
72,72
168,72
275,72
340,72
663,72
1016,72
1029,72
1109,72
17,73
73,73
283,73
806,73
1824,73
2037,73
74,74
696,74
3243,74
75,75
106,75
2623,75
2685,75
76,76
31,77
77,77
181,77
189,77
294,77
301,77
303,77
78,78
413,78
1869,78
79,79
80,80
307,80
549,80
2451,80
32,81
81,81
119,81
295,81
313,81
437,81
450,81
557,81
1311,81
2562,81
82,82
304,82
445,82
543,82
1280,82
2870,82
51,83
52,83
83,83
127,83
193,83
318,83
84,84
85,85
86,86
322,86
591,86
87,87
88,88
613,88
765,88
1630,88
89,89
90,90
91,91
92,92
1054,92
9,93
93,93
628,93
910,93
1027,93
1096,93
1795,93
1879,93
2393,93
2960,93
3215,93
3600,93
94,94
250,94
95,95
936,95
96,96
3161,96
97,97
419,97
41,98
98,98
162,98
1486,98
2027,98
99,99
266,99
1671,99
2399,99
100,100
11,101
24,101
25,101
101,101
151,101
596,101
604,101
647,101
791,101
818,101
890,101
966,101
1243,101
2516,101
102,102
979,102
982,102
103,103
3484,103
104,104
105,105
75,106
106,106
2623,106
2685,106
107,107
1209,107
3,108
108,108
164,108
398,108
416,108
523,108
809,108
823,108
849,108
974,108
1001,108
1484,108
1649,108
16,109
29,109
109,109
110,110
124,110
365,110
404,110
656,110
668,110
1110,110
1124,110
1365,110
1404,110
1656,110
1668,110
2110,110
2124,110
2365,110
2404,110
2656,110
2668,110
3110,110
3124,110
3365,110
3404,110
3656,110
3668,110
15,111
71,111
111,111
165,111
173,111
278,111
484,111
664,111
671,111
687,111
960,111
1003,111
1033,111
1164,111
2527,111
2529,111
2752,111
112,112
288,112
424,112
434,112
838,112
1439,112
113,113
114,114
12,115
115,115
167,115
225,115
431,115
691,115
853,115
965,115
985,115
991,115
1234,115
1854,115
116,116
545,116
2831,116
117,117
855,117
1823,117
2183,117
2400,117
118,118
455,118
547,118
559,118
562,118
563,118
1715,118
32,119
81,119
119,119
295,119
313,119
437,119
450,119
557,119
1311,119
2562,119
120,120
1120,120
2298,120
121,121
1031,121
3189,121
3303,121
122,122
123,123
2117,123
110,124
124,124
365,124
404,124
656,124
668,124
1110,124
1124,124
1365,124
1404,124
1656,124
1668,124
2110,124
2124,124
2365,124
2404,124
2656,124
2668,124
3110,124
3124,124
3365,124
3404,124
3656,124
3668,124
125,125
3456,125
126,126
51,127
52,127
83,127
127,127
193,127
318,127
128,128
464,128
579,128
1735,128
129,129
1570,129
130,130
131,131
471,131
1005,131
1918,131
2013,131
132,132
2255,132
2676,132
2980,132
3514,132
133,133
142,133
590,133
1498,133
134,134
331,134
135,135
136,136
137,137
138,138
139,139
1221,139
140,140
2335,140
141,141
133,142
142,142
590,142
1498,142
143,143
512,143
144,144
223,144
1063,144
1343,144
3573,144
8,145
37,145
145,145
147,145
243,145
343,145
361,145
652,145
879,145
1658,145
2062,145
146,146
8,147
37,147
145,147
147,147
243,147
343,147
361,147
652,147
879,147
1658,147
2062,147
148,148
156,148
258,148
352,148
629,148
1374,148
149,149
263,149
525,149
821,149
150,150
11,151
24,151
25,151
101,151
151,151
596,151
604,151
647,151
791,151
818,151
890,151
966,151
1243,151
2516,151
152,152
57,153
64,153
153,153
166,153
207,153
240,153
247,153
2065,153
154,154
1076,154
1196,154
2177,154
2,155
36,155
63,155
155,155
600,155
778,155
832,155
953,155
1217,155
1614,155
1774,155
148,156
156,156
258,156
352,156
629,156
1374,156
157,157
407,157
158,158
39,159
159,159
373,159
649,159
774,159
1162,159
1622,159
160,160
324,160
326,160
335,160
1208,160
161,161
41,162
98,162
162,162
1486,162
2027,162
163,163
3,164
108,164
164,164
398,164
416,164
523,164
809,164
823,164
849,164
974,164
1001,164
1484,164
1649,164
15,165
71,165
111,165
165,165
173,165
278,165
484,165
664,165
671,165
687,165
960,165
1003,165
1033,165
1164,165
2527,165
2529,165
2752,165
57,166
64,166
153,166
166,166
207,166
240,166
247,166
2065,166
12,167
115,167
167,167
225,167
431,167
691,167
853,167
965,167
985,167
991,167
1234,167
1854,167
72,168
168,168
275,168
340,168
663,168
1016,168
1029,168
1109,168
169,169
170,170
171,171
248,171
393,171
807,171
963,171
2598,171
3006,171
30,172
172,172
412,172
1294,172
2077,172
2181,172
15,173
71,173
111,173
165,173
173,173
278,173
484,173
664,173
671,173
687,173
960,173
1003,173
1033,173
1164,173
2527,173
2529,173
2752,173
174,174
175,175
1050,175
1559,175
176,176
443,176
2116,176
177,177
178,178
179,179
418,179
1865,179
180,180
446,180
863,180
31,181
77,181
181,181
189,181
294,181
301,181
303,181
182,182
298,182
701,182
183,183
184,184
185,185
297,185
1419,185
3951,185
186,186
187,187
561,187
188,188
31,189
77,189
181,189
189,189
294,189
301,189
303,189
190,190
293,190
50,191
191,191
448,191
456,191
560,191
710,191
711,191
870,191
873,191
192,192
51,193
52,193
83,193
127,193
193,193
318,193
194,194
320,194
1320,194
195,195
196,196
3326,196
197,197
2023,197
198,198
199,199
200,200
201,201
490,201
577,201
202,202
222,202
1036,202
2479,202
203,203
336,203
2882,203
204,204
2508,204
205,205
206,206
57,207
64,207
153,207
166,207
207,207
240,207
247,207
2065,207
208,208
1129,208
2020,208
2160,208
209,209
1007,209
3578,209
210,210
753,210
2099,210
211,211
212,212
1748,212
213,213
214,214
738,214
215,215
2513,215
2622,215
2634,215
216,216
786,216
217,217
329,217
362,217
777,217
1024,217
1037,217
1099,217
1511,217
1756,217
2904,217
3795,217
218,218
877,218
2145,218
2767,218
3059,218
3060,218
3473,218
219,219
220,220
2233,220
221,221
202,222
222,222
1036,222
2479,222
144,223
223,223
1063,223
1343,223
3573,223
224,224
1335,224
2579,224
12,225
115,225
167,225
225,225
431,225
691,225
853,225
965,225
985,225
991,225
1234,225
1854,225
226,226
506,226
755,226
781,226
927,226
947,226
227,227
228,228
690,228
811,228
229,229
2248,229
2626,229
230,230
231,231
3879,231
232,232
904,232
233,233
238,233
2207,233
234,234
235,235
775,235
236,236
237,237
259,237
478,237
643,237
654,237
1802,237
1931,237
2266,237
2491,237
233,238
238,238
2207,238
19,239
239,239
939,239
2641,239
57,240
64,240
153,240
166,240
207,240
240,240
247,240
2065,240
241,241
369,241
1006,241
1654,241
242,242
1245,242
1516,242
8,243
37,243
145,243
147,243
243,243
343,243
361,243
652,243
879,243
1658,243
2062,243
244,244
245,245
246,246
57,247
64,247
153,247
166,247
207,247
240,247
247,247
2065,247
171,248
248,248
393,248
807,248
963,248
2598,248
3006,248
249,249
1103,249
94,250
250,250
251,251
252,252
255,252
797,252
826,252
827,252
980,252
253,253
1507,253
1666,253
2261,253
2375,253
254,254
377,254
1790,254
252,255
255,255
797,255
826,255
827,255
980,255
256,256
257,257
2355,257
148,258
156,258
258,258
352,258
629,258
1374,258
237,259
259,259
478,259
643,259
654,259
1802,259
1931,259
2266,259
2491,259
260,260
261,261
262,262
470,262
149,263
263,263
525,263
821,263
264,264
265,265
2264,265
99,266
266,266
1671,266
2399,266
267,267
268,268
269,269
270,270
271,271
1584,271
1659,271
2798,271
272,272
273,273
540,273
274,274
72,275
168,275
275,275
340,275
663,275
1016,275
1029,275
1109,275
276,276
632,276
661,276
1028,276
2545,276
277,277
1178,277
15,278
71,278
111,278
165,278
173,278
278,278
484,278
664,278
671,278
687,278
960,278
1003,278
1033,278
1164,278
2527,278
2529,278
2752,278
279,279
840,279
1894,279
280,280
1283,280
1702,280
281,281
284,281
282,282
17,283
73,283
283,283
806,283
1824,283
2037,283
281,284
284,284
285,285
3380,285
286,286
287,287
112,288
288,288
424,288
434,288
838,288
1439,288
289,289
1184,289
290,290
2174,290
291,291
292,292
190,293
293,293
31,294
77,294
181,294
189,294
294,294
301,294
303,294
32,295
81,295
119,295
295,295
313,295
437,295
450,295
557,295
1311,295
2562,295
296,296
185,297
297,297
1419,297
3951,297
182,298
298,298
701,298
299,299
300,300
426,300
438,300
552,300
31,301
77,301
181,301
189,301
294,301
301,301
303,301
302,302
1443,302
31,303
77,303
181,303
189,303
294,303
301,303
303,303
82,304
304,304
445,304
543,304
1280,304
2870,304
1,305
305,305
1074,305
1447,305
306,306
80,307
307,307
549,307
2451,307
308,308
309,309
1438,309
310,310
311,311
312,312
420,312
1549,312
32,313
81,313
119,313
295,313
313,313
437,313
450,313
557,313
1311,313
2562,313
314,314
458,314
315,315
316,316
2314,316
317,317
51,318
52,318
83,318
127,318
193,318
318,318
319,319
194,320
320,320
1320,320
321,321
86,322
322,322
591,322
323,323
648,323
1676,323
2268,323
2881,323
160,324
324,324
326,324
335,324
1208,324
325,325
1166,325
160,326
324,326
326,326
335,326
1208,326
327,327
621,327
1340,327
2600,327
3637,327
328,328
1354,328
217,329
329,329
362,329
777,329
1024,329
1037,329
1099,329
1511,329
1756,329
2904,329
3795,329
330,330
134,331
331,331
332,332
2908,332
3754,332
333,333
1203,333
334,334
160,335
324,335
326,335
335,335
1208,335
203,336
336,336
2882,336
337,337
900,337
338,338
3746,338
339,339
887,339
1744,339
72,340
168,340
275,340
340,340
663,340
1016,340
1029,340
1109,340
33,341
341,341
635,341
1039,341
2235,341
342,342
8,343
37,343
145,343
147,343
243,343
343,343
361,343
652,343
879,343
1658,343
2062,343
344,344
3774,344
345,345
356,345
346,346
730,346
3084,346
347,347
1327,347
1912,347
348,348
722,348
349,349
350,350
2221,350
351,351
3582,351
148,352
156,352
258,352
352,352
629,352
1374,352
54,353
353,353
354,354
355,355
1152,355
2042,355
345,356
356,356
357,357
502,357
914,357
1059,357
1060,357
1767,357
2583,357
358,358
21,359
359,359
569,359
2578,359
2969,359
3147,359
360,360
917,360
8,361
37,361
145,361
147,361
243,361
343,361
361,361
652,361
879,361
1658,361
2062,361
217,362
329,362
362,362
777,362
1024,362
1037,362
1099,362
1511,362
1756,362
2904,362
3795,362
363,363
364,364
110,365
124,365
365,365
404,365
656,365
668,365
1110,365
1124,365
1365,365
1404,365
1656,365
1668,365
2110,365
2124,365
2365,365
2404,365
2656,365
2668,365
3110,365
3124,365
3365,365
3404,365
3656,365
3668,365
366,366
367,367
368,368
463,368
603,368
751,368
241,369
369,369
1006,369
1654,369
370,370
371,371
372,372
1751,372
2232,372
39,373
159,373
373,373
649,373
774,373
1162,373
1622,373
374,374
1629,374
3240,374
375,375
376,376
524,376
657,376
658,376
940,376
949,376
957,376
964,376
1809,376
254,377
377,377
1790,377
378,378
891,378
379,379
380,380
948,380
1328,380
381,381
382,382
474,382
650,382
767,382
773,382
901,382
1222,382
383,383
482,383
725,383
784,383
824,383
951,383
384,384
385,385
2670,385
386,386
387,387
630,387
388,388
389,389
390,390
391,391
392,392
171,393
248,393
393,393
807,393
963,393
2598,393
3006,393
394,394
395,395
396,396
685,396
780,396
1803,396
2499,396
3598,396
397,397
3,398
108,398
164,398
398,398
416,398
523,398
809,398
823,398
849,398
974,398
1001,398
1484,398
1649,398
399,399
892,399
976,399
400,400
402,400
527,400
3575,400
401,401
400,402
402,402
527,402
3575,402
403,403
2835,403
3042,403
110,404
124,404
365,404
404,404
656,404
668,404
1110,404
1124,404
1365,404
1404,404
1656,404
1668,404
2110,404
2124,404
2365,404
2404,404
2656,404
2668,404
3110,404
3124,404
3365,404
3404,404
3656,404
3668,404
405,405
406,406
932,406
2673,406
157,407
407,407
408,408
409,409
44,410
410,410
677,410
411,411
1768,411
2007,411
3145,411
30,412
172,412
412,412
1294,412
2077,412
2181,412
78,413
413,413
1869,413
414,414
533,414
837,414
846,414
1526,414
415,415
534,415
1852,415
3,416
108,416
164,416
398,416
416,416
523,416
809,416
823,416
849,416
974,416
1001,416
1484,416
1649,416
417,417
698,417
1848,417
179,418
418,418
1865,418
97,419
419,419
312,420
420,420
1549,420
421,421
422,422
423,423
483,423
1260,423
112,424
288,424
424,424
434,424
838,424
1439,424
425,425
528,425
835,425
1837,425
300,426
426,426
438,426
552,426
427,427
536,427
689,427
699,427
1418,427
428,428
439,428
996,428
429,429
704,429
430,430
12,431
115,431
167,431
225,431
431,431
691,431
853,431
965,431
985,431
991,431
1234,431
1854,431
432,432
435,432
433,433
112,434
288,434
424,434
434,434
838,434
1439,434
432,435
435,435
436,436
553,436
713,436
871,436
1295,436
1709,436
32,437
81,437
119,437
295,437
313,437
437,437
450,437
557,437
1311,437
2562,437
300,438
426,438
438,438
552,438
428,439
439,439
996,439
440,440
997,440
1182,440
441,441
2078,441
2989,441
442,442
451,442
1863,442
176,443
443,443
2116,443
444,444
82,445
304,445
445,445
543,445
1280,445
2870,445
180,446
446,446
863,446
447,447
3314,447
50,448
191,448
448,448
456,448
560,448
710,448
711,448
870,448
873,448
449,449
32,450
81,450
119,450
295,450
313,450
437,450
450,450
557,450
1311,450
2562,450
442,451
451,451
1863,451
452,452
453,453
454,454
1460,454
118,455
455,455
547,455
559,455
562,455
563,455
1715,455
50,456
191,456
448,456
456,456
560,456
710,456
711,456
870,456
873,456
4,457
48,457
457,457
1981,457
314,458
458,458
459,459
460,460
461,461
462,462
368,463
463,463
603,463
751,463
128,464
464,464
579,464
1735,464
465,465
466,466
467,467
468,468
469,469
1753,469
2621,469
262,470
470,470
131,471
471,471
1005,471
1918,471
2013,471
472,472
473,473
1216,473
2060,473
382,474
474,474
650,474
767,474
773,474
901,474
1222,474
475,475
476,476
1341,476
2614,476
477,477
237,478
259,478
478,478
643,478
654,478
1802,478
1931,478
2266,478
2491,478
479,479
1202,479
480,480
481,481
383,482
482,482
725,482
784,482
824,482
951,482
423,483
483,483
1260,483
15,484
71,484
111,484
165,484
173,484
278,484
484,484
664,484
671,484
687,484
960,484
1003,484
1033,484
1164,484
2527,484
2529,484
2752,484
485,485
1588,485
486,486
2132,486
3757,486
487,487
488,488
489,489
2364,489
201,490
490,490
577,490
491,491
492,492
493,493
746,493
896,493
494,494
1951,494
495,495
496,496
1784,496
2155,496
3008,496
497,497
498,498
499,499
795,499
1745,499
1797,499
500,500
501,501
357,502
502,502
914,502
1059,502
1060,502
1767,502
2583,502
503,503
627,503
2493,503
3725,503
504,504
505,505
788,505
938,505
1523,505
1955,505
2655,505
226,506
506,506
755,506
781,506
927,506
947,506
507,507
924,507
508,508
509,509
510,510
511,511
954,511
1777,511
2949,511
143,512
512,512
513,513
1517,513
1817,513
2383,513
3252,513
3663,513
514,514
2377,514
3070,514
515,515
918,515
2938,515
516,516
517,517
614,517
3037,517
518,518
2971,518
519,519
520,520
1833,520
521,521
522,522
3394,522
3,523
108,523
164,523
398,523
416,523
523,523
809,523
823,523
849,523
974,523
1001,523
1484,523
1649,523
376,524
524,524
657,524
658,524
940,524
949,524
957,524
964,524
1809,524
149,525
263,525
525,525
821,525
526,526
1657,526
400,527
402,527
527,527
3575,527
425,528
528,528
835,528
1837,528
529,529
530,530
531,531
532,532
414,533
533,533
837,533
846,533
1526,533
415,534
534,534
1852,534
535,535
427,536
536,536
689,536
699,536
1418,536
537,537
538,538
539,539
2852,539
273,540
540,540
541,541
2425,541
542,542
1078,542
3434,542
82,543
304,543
445,543
543,543
1280,543
2870,543
544,544
116,545
545,545
2831,545
546,546
1701,546
118,547
455,547
547,547
559,547
562,547
563,547
1715,547
548,548
80,549
307,549
549,549
2451,549
550,550
551,551
1483,551
300,552
426,552
438,552
552,552
436,553
553,553
713,553
871,553
1295,553
1709,553
554,554
868,554
2996,554
555,555
556,556
2450,556
32,557
81,557
119,557
295,557
313,557
437,557
450,557
557,557
1311,557
2562,557
558,558
118,559
455,559
547,559
559,559
562,559
563,559
1715,559
50,560
191,560
448,560
456,560
560,560
710,560
711,560
870,560
873,560
187,561
561,561
118,562
455,562
547,562
559,562
562,562
563,562
1715,562
118,563
455,563
547,563
559,563
562,563
563,563
1715,563
564,564
565,565
566,566
567,567
1557,567
568,568
21,569
359,569
569,569
2578,569
2969,569
3147,569
570,570
1577,570
571,571
3474,571
572,572
1349,572
3089,572
573,573
574,574
575,575
576,576
201,577
490,577
577,577
578,578
1223,578
128,579
464,579
579,579
1735,579
580,580
2922,580
581,581
582,582
1729,582
59,583
60,583
583,583
737,583
584,584
1378,584
2006,584
2730,584
2737,584
2963,584
585,585
3620,585
586,586
587,587
2593,587
3627,587
3755,587
588,588
1481,588
589,589
133,590
142,590
590,590
1498,590
86,591
322,591
591,591
592,592
2892,592
593,593
1764,593
3343,593
3477,593
594,594
595,595
11,596
24,596
25,596
101,596
151,596
596,596
604,596
647,596
791,596
818,596
890,596
966,596
1243,596
2516,596
597,597
810,597
1346,597
1376,597
598,598
599,599
1230,599
3234,599
2,600
36,600
63,600
155,600
600,600
778,600
832,600
953,600
1217,600
1614,600
1774,600
601,601
602,602
1641,602
368,603
463,603
603,603
751,603
11,604
24,604
25,604
101,604
151,604
596,604
604,604
647,604
791,604
818,604
890,604
966,604
1243,604
2516,604
605,605
1236,605
1607,605
606,606
607,607
608,608
609,609
1010,609
1013,609
1479,609
1618,609
2005,609
3919,609
610,610
611,611
612,612
729,612
88,613
613,613
765,613
1630,613
517,614
614,614
3037,614
7,615
615,615
2756,615
3155,615
616,616
617,617
618,618
1609,618
2627,618
619,619
620,620
631,620
1338,620
3376,620
327,621
621,621
1340,621
2600,621
3637,621
622,622
644,622
782,622
802,622
820,622
921,622
952,622
1673,622
1818,622
623,623
1212,623
624,624
1097,624
2359,624
2931,624
625,625
626,626
503,627
627,627
2493,627
3725,627
9,628
93,628
628,628
910,628
1027,628
1096,628
1795,628
1879,628
2393,628
2960,628
3215,628
3600,628
148,629
156,629
258,629
352,629
629,629
1374,629
387,630
630,630
620,631
631,631
1338,631
3376,631
276,632
632,632
661,632
1028,632
2545,632
633,633
634,634
33,635
341,635
635,635
1039,635
2235,635
636,636
637,637
1667,637
3358,637
638,638
1244,638
1946,638
2061,638
639,639
640,640
641,641
642,642
955,642
237,643
259,643
478,643
643,643
654,643
1802,643
1931,643
2266,643
2491,643
622,644
644,644
782,644
802,644
820,644
921,644
952,644
1673,644
1818,644
645,645
666,645
674,645
646,646
11,647
24,647
25,647
101,647
151,647
596,647
604,647
647,647
791,647
818,647
890,647
966,647
1243,647
2516,647
323,648
648,648
1676,648
2268,648
2881,648
39,649
159,649
373,649
649,649
774,649
1162,649
1622,649
382,650
474,650
650,650
767,650
773,650
901,650
1222,650
651,651
8,652
37,652
145,652
147,652
243,652
343,652
361,652
652,652
879,652
1658,652
2062,652
653,653
3944,653
237,654
259,654
478,654
643,654
654,654
1802,654
1931,654
2266,654
2491,654
655,655
968,655
110,656
124,656
365,656
404,656
656,656
668,656
1110,656
1124,656
1365,656
1404,656
1656,656
1668,656
2110,656
2124,656
2365,656
2404,656
2656,656
2668,656
3110,656
3124,656
3365,656
3404,656
3656,656
3668,656
376,657
524,657
657,657
658,657
940,657
949,657
957,657
964,657
1809,657
376,658
524,658
657,658
658,658
940,658
949,658
957,658
964,658
1809,658
659,659
660,660
276,661
632,661
661,661
1028,661
2545,661
662,662
1616,662
72,663
168,663
275,663
340,663
663,663
1016,663
1029,663
1109,663
15,664
71,664
111,664
165,664
173,664
278,664
484,664
664,664
671,664
687,664
960,664
1003,664
1033,664
1164,664
2527,664
2529,664
2752,664
665,665
645,666
666,666
674,666
667,667
1524,667
3355,667
110,668
124,668
365,668
404,668
656,668
668,668
1110,668
1124,668
1365,668
1404,668
1656,668
1668,668
2110,668
2124,668
2365,668
2404,668
2656,668
2668,668
3110,668
3124,668
3365,668
3404,668
3656,668
3668,668
669,669
3806,669
670,670
1332,670
2001,670
15,671
71,671
111,671
165,671
173,671
278,671
484,671
664,671
671,671
687,671
960,671
1003,671
1033,671
1164,671
2527,671
2529,671
2752,671
672,672
673,673
679,673
1043,673
645,674
666,674
674,674
47,675
675,675
676,676
693,676
852,676
945,676
1167,676
3702,676
44,677
410,677
677,677
678,678
673,679
679,679
1043,679
680,680
681,681
682,682
1979,682
2932,682
683,683
684,684
396,685
685,685
780,685
1803,685
2499,685
3598,685
686,686
2690,686
15,687
71,687
111,687
165,687
173,687
278,687
484,687
664,687
671,687
687,687
960,687
1003,687
1033,687
1164,687
2527,687
2529,687
2752,687
688,688
427,689
536,689
689,689
699,689
1418,689
228,690
690,690
811,690
12,691
115,691
167,691
225,691
431,691
691,691
853,691
965,691
985,691
991,691
1234,691
1854,691
692,692
833,692
861,692
1168,692
1527,692
676,693
693,693
852,693
945,693
1167,693
3702,693
694,694
695,695
74,696
696,696
3243,696
697,697
417,698
698,698
1848,698
427,699
536,699
689,699
699,699
1418,699
700,700
703,700
995,700
1446,700
1547,700
1870,700
182,701
298,701
701,701
702,702
700,703
703,703
995,703
1446,703
1547,703
1870,703
429,704
704,704
705,705
706,706
707,707
2997,707
708,708
709,709
50,710
191,710
448,710
456,710
560,710
710,710
711,710
870,710
873,710
50,711
191,711
448,711
456,711
560,711
710,711
711,711
870,711
873,711
712,712
3454,712
436,713
553,713
713,713
871,713
1295,713
1709,713
714,714
715,715
981,715
1545,715
1562,715
1873,715
2701,715
716,716
2719,716
717,717
1565,717
718,718
719,719
2716,719
720,720
721,721
348,722
722,722
723,723
724,724
383,725
482,725
725,725
784,725
824,725
951,725
726,726
2765,726
727,727
2727,727
3475,727
728,728
612,729
729,729
346,730
730,730
3084,730
731,731
732,732
733,733
1218,733
734,734
735,735
736,736
59,737
60,737
583,737
737,737
214,738
738,738
739,739
740,740
741,741
1252,741
1421,741
1904,741
2889,741
2896,741
3502,741
38,742
742,742
3209,742
743,743
1333,743
744,744
745,745
1775,745
1915,745
493,746
746,746
896,746
747,747
748,748
912,748
749,749
766,749
1620,749
3479,749
750,750
1733,750
368,751
463,751
603,751
751,751
752,752
1750,752
1903,752
2339,752
210,753
753,753
2099,753
754,754
226,755
506,755
755,755
781,755
927,755
947,755
756,756
1599,756
1628,756
2473,756
757,757
758,758
2246,758
759,759
760,760
761,761
762,762
944,762
3902,762
763,763
764,764
88,765
613,765
765,765
1630,765
749,766
766,766
1620,766
3479,766
382,767
474,767
650,767
767,767
773,767
901,767
1222,767
768,768
790,768
769,769
1093,769
2624,769
770,770
771,771
772,772
382,773
474,773
650,773
767,773
773,773
901,773
1222,773
39,774
159,774
373,774
649,774
774,774
1162,774
1622,774
235,775
775,775
776,776
217,777
329,777
362,777
777,777
1024,777
1037,777
1099,777
1511,777
1756,777
2904,777
3795,777
2,778
36,778
63,778
155,778
600,778
778,778
832,778
953,778
1217,778
1614,778
1774,778
62,779
779,779
1205,779
1882,779
396,780
685,780
780,780
1803,780
2499,780
3598,780
226,781
506,781
755,781
781,781
927,781
947,781
622,782
644,782
782,782
802,782
820,782
921,782
952,782
1673,782
1818,782
783,783
2782,783
2788,783
383,784
482,784
725,784
784,784
824,784
951,784
785,785
216,786
786,786
787,787
926,787
3587,787
505,788
788,788
938,788
1523,788
1955,788
2655,788
789,789
931,789
1908,789
768,790
790,790
11,791
24,791
25,791
101,791
151,791
596,791
604,791
647,791
791,791
818,791
890,791
966,791
1243,791
2516,791
792,792
1954,792
3390,792
793,793
794,794
499,795
795,795
1745,795
1797,795
796,796
252,797
255,797
797,797
826,797
827,797
980,797
798,798
3332,798
799,799
800,800
801,801
622,802
644,802
782,802
802,802
820,802
921,802
952,802
1673,802
1818,802
803,803
1135,803
3499,803
804,804
805,805
17,806
73,806
283,806
806,806
1824,806
2037,806
171,807
248,807
393,807
807,807
963,807
2598,807
3006,807
808,808
3,809
108,809
164,809
398,809
416,809
523,809
809,809
823,809
849,809
974,809
1001,809
1484,809
1649,809
597,810
810,810
1346,810
1376,810
228,811
690,811
811,811
812,812
813,813
814,814
815,815
1815,815
816,816
817,817
1396,817
11,818
24,818
25,818
101,818
151,818
596,818
604,818
647,818
791,818
818,818
890,818
966,818
1243,818
2516,818
819,819
1155,819
1420,819
1692,819
2528,819
3002,819
3036,819
3513,819
3730,819
622,820
644,820
782,820
802,820
820,820
921,820
952,820
1673,820
1818,820
149,821
263,821
525,821
821,821
822,822
3,823
108,823
164,823
398,823
416,823
523,823
809,823
823,823
849,823
974,823
1001,823
1484,823
1649,823
383,824
482,824
725,824
784,824
824,824
951,824
825,825
1670,825
2743,825
3652,825
252,826
255,826
797,826
826,826
827,826
980,826
252,827
255,827
797,827
826,827
827,827
980,827
828,828
829,829
830,830
831,831
2,832
36,832
63,832
155,832
600,832
778,832
832,832
953,832
1217,832
1614,832
1774,832
692,833
833,833
861,833
1168,833
1527,833
834,834
425,835
528,835
835,835
1837,835
836,836
414,837
533,837
837,837
846,837
1526,837
112,838
288,838
424,838
434,838
838,838
1439,838
839,839
279,840
840,840
1894,840
841,841
3597,841
3631,841
842,842
843,843
844,844
845,845
414,846
533,846
837,846
846,846
1526,846
847,847
1855,847
2547,847
3400,847
848,848
3,849
108,849
164,849
398,849
416,849
523,849
809,849
823,849
849,849
974,849
1001,849
1484,849
1649,849
850,850
851,851
1699,851
3164,851
676,852
693,852
852,852
945,852
1167,852
3702,852
12,853
115,853
167,853
225,853
431,853
691,853
853,853
965,853
985,853
991,853
1234,853
1854,853
854,854
1428,854
117,855
855,855
1823,855
2183,855
2400,855
856,856
3295,856
857,857
859,857
1384,857
2358,857
858,858
857,859
859,859
1384,859
2358,859
860,860
692,861
833,861
861,861
1168,861
1527,861
862,862
180,863
446,863
863,863
864,864
865,865
1552,865
866,866
867,867
554,868
868,868
2996,868
869,869
1116,869
1304,869
1449,869
3029,869
50,870
191,870
448,870
456,870
560,870
710,870
711,870
870,870
873,870
436,871
553,871
713,871
871,871
1295,871
1709,871
872,872
50,873
191,873
448,873
456,873
560,873
710,873
711,873
870,873
873,873
874,874
875,875
876,876
2313,876
2559,876
3050,876
218,877
877,877
2145,877
2767,877
3059,877
3060,877
3473,877
878,878
8,879
37,879
145,879
147,879
243,879
343,879
361,879
652,879
879,879
1658,879
2062,879
880,880
881,881
882,882
894,882
883,883
1357,883
1463,883
1583,883
1737,883
2059,883
884,884
885,885
886,886
339,887
887,887
1744,887
888,888
1731,888
889,889
1681,889
1722,889
1893,889
3232,889
3622,889
11,890
24,890
25,890
101,890
151,890
596,890
604,890
647,890
791,890
818,890
890,890
966,890
1243,890
2516,890
378,891
891,891
399,892
892,892
976,892
893,893
1482,893
882,894
894,894
895,895
493,896
746,896
896,896
897,897
2368,897
3751,897
898,898
1042,898
1400,898
1798,898
2807,898
3063,898
899,899
2198,899
337,900
900,900
382,901
474,901
650,901
767,901
773,901
901,901
1222,901
902,902
1213,902
903,903
232,904
904,904
905,905
906,906
907,907
1008,907
1754,907
1934,907
908,908
909,909
9,910
93,910
628,910
910,910
1027,910
1096,910
1795,910
1879,910
2393,910
2960,910
3215,910
3600,910
911,911
748,912
912,912
913,913
357,914
502,914
914,914
1059,914
1060,914
1767,914
2583,914
915,915
916,916
360,917
917,917
515,918
918,918
2938,918
919,919
920,920
622,921
644,921
782,921
802,921
820,921
921,921
952,921
1673,921
1818,921
27,922
922,922
1000,922
2167,922
2234,922
2768,922
3673,922
923,923
1935,923
3741,923
507,924
924,924
40,925
925,925
941,925
1009,925
2469,925
2733,925
2811,925
787,926
926,926
3587,926
226,927
506,927
755,927
781,927
927,927
947,927
928,928
2230,928
2599,928
929,929
1466,929
1780,929
2036,929
2341,929
2357,929
2475,929
3583,929
3737,929
930,930
789,931
931,931
1908,931
406,932
932,932
2673,932
933,933
1229,933
2801,933
2941,933
3383,933
3910,933
934,934
935,935
2769,935
95,936
936,936
937,937
505,938
788,938
938,938
1523,938
1955,938
2655,938
19,939
239,939
939,939
2641,939
376,940
524,940
657,940
658,940
940,940
949,940
957,940
964,940
1809,940
40,941
925,941
941,941
1009,941
2469,941
2733,941
2811,941
942,942
943,943
762,944
944,944
3902,944
676,945
693,945
852,945
945,945
1167,945
3702,945
946,946
3150,946
226,947
506,947
755,947
781,947
927,947
947,947
380,948
948,948
1328,948
376,949
524,949
657,949
658,949
940,949
949,949
957,949
964,949
1809,949
950,950
1914,950
2654,950
383,951
482,951
725,951
784,951
824,951
951,951
622,952
644,952
782,952
802,952
820,952
921,952
952,952
1673,952
1818,952
2,953
36,953
63,953
155,953
600,953
778,953
832,953
953,953
1217,953
1614,953
1774,953
511,954
954,954
1777,954
2949,954
642,955
955,955
956,956
376,957
524,957
657,957
658,957
940,957
949,957
957,957
964,957
1809,957
958,958
959,959
3925,959
15,960
71,960
111,960
165,960
173,960
278,960
484,960
664,960
671,960
687,960
960,960
1003,960
1033,960
1164,960
2527,960
2529,960
2752,960
961,961
3877,961
962,962
1661,962
171,963
248,963
393,963
807,963
963,963
2598,963
3006,963
376,964
524,964
657,964
658,964
940,964
949,964
957,964
964,964
1809,964
12,965
115,965
167,965
225,965
431,965
691,965
853,965
965,965
985,965
991,965
1234,965
1854,965
11,966
24,966
25,966
101,966
151,966
596,966
604,966
647,966
791,966
818,966
890,966
966,966
1243,966
2516,966
967,967
1521,967
655,968
968,968
969,969
970,970
1973,970
2015,970
2165,970
2173,970
2484,970
971,971
972,972
973,973
3,974
108,974
164,974
398,974
416,974
523,974
809,974
823,974
849,974
974,974
1001,974
1484,974
1649,974
975,975
2245,975
399,976
892,976
976,976
977,977
978,978
102,979
979,979
982,979
252,980
255,980
797,980
826,980
827,980
980,980
715,981
981,981
1545,981
1562,981
1873,981
2701,981
102,982
979,982
982,982
983,983
984,984
12,985
115,985
167,985
225,985
431,985
691,985
853,985
965,985
985,985
991,985
1234,985
1854,985
986,986
987,987
988,988
2415,988
989,989
990,990
1546,990
3305,990
3430,990
12,991
115,991
167,991
225,991
431,991
691,991
853,991
965,991
985,991
991,991
1234,991
1854,991
992,992
993,993
994,994
700,995
703,995
995,995
1446,995
1547,995
1870,995
428,996
439,996
996,996
440,997
997,997
1182,997
998,998
999,999
27,0
922,0
1000,0
2167,0
2234,0
2768,0
3673,0
3,1
108,1
164,1
398,1
416,1
523,1
809,1
823,1
849,1
974,1
1001,1
1484,1
1649,1
1002,2
1773,2
15,3
71,3
111,3
165,3
173,3
278,3
484,3
664,3
671,3
687,3
960,3
1003,3
1033,3
1164,3
2527,3
2529,3
2752,3
1004,4
2305,4
3419,4
131,5
471,5
1005,5
1918,5
2013,5
241,6
369,6
1006,6
1654,6
209,7
1007,7
3578,7
907,8
1008,8
1754,8
1934,8
40,9
925,9
941,9
1009,9
2469,9
2733,9
2811,9
609,10
1010,10
1013,10
1479,10
1618,10
2005,10
3919,10
1011,11
1910,11
2406,11
1012,12
3865,12
609,13
1010,13
1013,13
1479,13
1618,13
2005,13
3919,13
1014,14
1015,15
72,16
168,16
275,16
340,16
663,16
1016,16
1029,16
1109,16
1017,17
1018,18
1019,19
1020,20
1055,20
1064,20
1021,21
1877,21
2063,21
1022,22
1023,23
3862,23
217,24
329,24
362,24
777,24
1024,24
1037,24
1099,24
1511,24
1756,24
2904,24
3795,24
1025,25
1026,26
3680,26
9,27
93,27
628,27
910,27
1027,27
1096,27
1795,27
1879,27
2393,27
2960,27
3215,27
3600,27
276,28
632,28
661,28
1028,28
2545,28
72,29
168,29
275,29
340,29
663,29
1016,29
1029,29
1109,29
1030,30
121,31
1031,31
3189,31
3303,31
1032,32
3997,32
15,33
71,33
111,33
165,33
173,33
278,33
484,33
664,33
671,33
687,33
960,33
1003,33
1033,33
1164,33
2527,33
2529,33
2752,33
1034,34
2135,34
3327,34
1035,35
202,36
222,36
1036,36
2479,36
217,37
329,37
362,37
777,37
1024,37
1037,37
1099,37
1511,37
1756,37
2904,37
3795,37
1038,38
33,39
341,39
635,39
1039,39
2235,39
1040,40
2044,40
1041,41
1827,41
898,42
1042,42
1400,42
1798,42
2807,42
3063,42
673,43
679,43
1043,43
1044,44
1410,44
1045,45
1046,46
1047,47
1675,47
1828,47
1048,48
2856,48
2865,48
3179,48
1049,49
2438,49
2548,49
175,50
1050,50
1559,50
1051,51
1083,51
1052,52
1053,53
92,54
1054,54
1020,55
1055,55
1064,55
1056,56
1057,57
1058,58
357,59
502,59
914,59
1059,59
1060,59
1767,59
2583,59
357,60
502,60
914,60
1059,60
1060,60
1767,60
2583,60
1061,61
1062,62
144,63
223,63
1063,63
1343,63
3573,63
1020,64
1055,64
1064,64
1065,65
1066,66
1067,67
1068,68
1069,69
3014,69
1070,70
1071,71
3165,71
1072,72
1073,73
1,74
305,74
1074,74
1447,74
1075,75
154,76
1076,76
1196,76
2177,76
1077,77
542,78
1078,78
3434,78
1079,79
3182,79
1080,80
1081,81
1187,81
1555,81
1082,82
1051,83
1083,83
1084,84
1471,84
1085,85
1086,86
1201,86
2136,86
3160,86
3498,86
1087,87
1088,88
1613,88
2387,88
1089,89
1090,90
1091,91
1092,92
769,93
1093,93
2624,93
1094,94
1652,94
1940,94
1962,94
3812,94
1095,95
9,96
93,96
628,96
910,96
1027,96
1096,96
1795,96
1879,96
2393,96
2960,96
3215,96
3600,96
624,97
1097,97
2359,97
2931,97
1098,98
217,99
329,99
362,99
777,99
1024,99
1037,99
1099,99
1511,99
1756,99
2904,99
3795,99
1100,100
1101,101
1151,101
1596,101
3516,101
1102,102
249,103
1103,103
1104,104
1105,105
1106,106
2410,106
1107,107
1108,108
1788,108
72,109
168,109
275,109
340,109
663,109
1016,109
1029,109
1109,109
110,110
124,110
365,110
404,110
656,110
668,110
1110,110
1124,110
1365,110
1404,110
1656,110
1668,110
2110,110
2124,110
2365,110
2404,110
2656,110
2668,110
3110,110
3124,110
3365,110
3404,110
3656,110
3668,110
28,111
1111,111
2921,111
2936,111
1112,112
1424,112
1536,112
1113,113
2281,113
1114,114
1115,115
2012,115
869,116
1116,116
1304,116
1449,116
3029,116
1117,117
1413,117
1118,118
1119,119
120,120
1120,120
2298,120
1121,121
1122,122
1123,123
110,124
124,124
365,124
404,124
656,124
668,124
1110,124
1124,124
1365,124
1404,124
1656,124
1668,124
2110,124
2124,124
2365,124
2404,124
2656,124
2668,124
3110,124
3124,124
3365,124
3404,124
3656,124
3668,124
1125,125
1126,126
1127,127
1128,128
2201,128
208,129
1129,129
2020,129
2160,129
1130,130
1131,131
1132,132
2912,132
2917,132
1133,133
1134,134
1331,134
2326,134
803,135
1135,135
3499,135
1136,136
1137,137
2735,137
1138,138
1139,139
1140,140
1141,141
1142,142
1350,142
1143,143
1144,144
2955,144
1145,145
2929,145
1146,146
1147,147
2910,147
1148,148
1149,149
1150,150
1101,151
1151,151
1596,151
3516,151
355,152
1152,152
2042,152
1153,153
1154,154
2629,154
819,155
1155,155
1420,155
1692,155
2528,155
3002,155
3036,155
3513,155
3730,155
1156,156
1157,157
3216,157
3770,157
1158,158
1159,159
1250,159
1922,159
1950,159
2686,159
2745,159
1160,160
1161,161
39,162
159,162
373,162
649,162
774,162
1162,162
1622,162
1163,163
15,164
71,164
111,164
165,164
173,164
278,164
484,164
664,164
671,164
687,164
960,164
1003,164
1033,164
1164,164
2527,164
2529,164
2752,164
1165,165
325,166
1166,166
676,167
693,167
852,167
945,167
1167,167
3702,167
692,168
833,168
861,168
1168,168
1527,168
1169,169
1170,170
1171,171
1172,172
1173,173
1174,174
1175,175
1285,175
1289,175
1176,176
1177,177
277,178
1178,178
1179,179
1637,179
1180,180
1181,181
440,182
997,182
1182,182
1183,183
1440,183
289,184
1184,184
1185,185
3184,185
3289,185
1186,186
1081,187
1187,187
1555,187
1188,188
1189,189
1190,190
2552,190
1191,191
1192,192
1193,193
1194,194
1195,195
154,196
1076,196
1196,196
2177,196
1197,197
1198,198
1199,199
1608,199
1200,200
1086,201
1201,201
2136,201
3160,201
3498,201
479,202
1202,202
333,203
1203,203
1204,204
62,205
779,205
1205,205
1882,205
1206,206
1207,207
160,208
324,208
326,208
335,208
1208,208
107,209
1209,209
1210,210
1211,211
623,212
1212,212
902,213
1213,213
1214,214
1215,215
473,216
1216,216
2060,216
2,217
36,217
63,217
155,217
600,217
778,217
832,217
953,217
1217,217
1614,217
1774,217
733,218
1218,218
1219,219
1494,219
2920,219
3482,219
1220,220
139,221
1221,221
382,222
474,222
650,222
767,222
773,222
901,222
1222,222
578,223
1223,223
1224,224
1225,225
1226,226
1344,226
1506,226
1585,226
1755,226
1781,226
1927,226
1227,227
1228,228
2362,228
2777,228
933,229
1229,229
2801,229
2941,229
3383,229
3910,229
599,230
1230,230
3234,230
1231,231
1232,232
1663,232
1233,233
1238,233
12,234
115,234
167,234
225,234
431,234
691,234
853,234
965,234
985,234
991,234
1234,234
1854,234
1235,235
605,236
1236,236
1607,236
1237,237
1259,237
1478,237
1967,237
2521,237
1233,238
1238,238
1239,239
1240,240
2374,240
1241,241
1369,241
1242,242
3111,242
3621,242
11,243
24,243
25,243
101,243
151,243
596,243
604,243
647,243
791,243
818,243
890,243
966,243
1243,243
2516,243
638,244
1244,244
1946,244
2061,244
242,245
1245,245
1516,245
1246,246
1247,247
1248,248
1249,249
1159,250
1250,250
1922,250
1950,250
2686,250
2745,250
1251,251
741,252
1252,252
1421,252
1904,252
2889,252
2896,252
3502,252
1253,253
2507,253
1254,254
1255,255
1256,256
1257,257
1258,258
1352,258
1237,259
1259,259
1478,259
1967,259
2521,259
423,260
483,260
1260,260
1261,261
2814,261
1262,262
2650,262
3731,262
3834,262
1263,263
1264,264
1265,265
1266,266
1267,267
1268,268
3802,268
1269,269
1270,270
1271,271
1272,272
1273,273
2048,273
2432,273
1274,274
1275,275
1276,276
1986,276
2075,276
1277,277
2178,277
1278,278
1782,278
2243,278
1279,279
3974,279
82,280
304,280
445,280
543,280
1280,280
2870,280
1281,281
1282,282
280,283
1283,283
1702,283
1284,284
1175,285
1285,285
1289,285
1286,286
1287,287
1302,287
1288,288
1175,289
1285,289
1289,289
1290,290
1291,291
1292,292
1293,293
30,294
172,294
412,294
1294,294
2077,294
2181,294
436,295
553,295
713,295
871,295
1295,295
1709,295
1296,296
1297,297
1298,298
2454,298
1299,299
1300,300
1860,300
2304,300
3116,300
1301,301
1287,302
1302,302
1303,303
2301,303
869,304
1116,304
1304,304
1449,304
3029,304
1305,305
1542,305
3447,305
1306,306
3444,306
1307,307
1308,308
1309,309
1712,309
1310,310
32,311
81,311
119,311
295,311
313,311
437,311
450,311
557,311
1311,311
2562,311
1312,312
1313,313
1314,314
1315,315
1316,316
1317,317
1318,318
1319,319
194,320
320,320
1320,320
1321,321
1322,322
1323,323
1324,324
1590,324
1325,325
1326,326
347,327
1327,327
1912,327
380,328
948,328
1328,328
1329,329
2021,329
1330,330
1134,331
1331,331
2326,331
670,332
1332,332
2001,332
743,333
1333,333
1334,334
224,335
1335,335
2579,335
1336,336
1337,337
620,338
631,338
1338,338
3376,338
1339,339
3389,339
3887,339
327,340
621,340
1340,340
2600,340
3637,340
476,341
1341,341
2614,341
1342,342
144,343
223,343
1063,343
1343,343
3573,343
1226,344
1344,344
1506,344
1585,344
1755,344
1781,344
1927,344
1345,345
597,346
810,346
1346,346
1376,346
1347,347
2222,347
1348,348
2722,348
572,349
1349,349
3089,349
1142,350
1350,350
1351,351
1258,352
1352,352
1353,353
328,354
1354,354
1355,355
1356,356
2345,356
883,357
1357,357
1463,357
1583,357
1737,357
2059,357
1358,358
1359,359
1360,360
2775,360
1361,361
2787,361
1362,362
1363,363
1364,364
110,365
124,365
365,365
404,365
656,365
668,365
1110,365
1124,365
1365,365
1404,365
1656,365
1668,365
2110,365
2124,365
2365,365
2404,365
2656,365
2668,365
3110,365
3124,365
3365,365
3404,365
3656,365
3668,365
1366,366
1367,367
1368,368
1241,369
1369,369
1370,370
1371,371
1372,372
2899,372
1373,373
148,374
156,374
258,374
352,374
629,374
1374,374
1375,375
597,376
810,376
1346,376
1376,376
1377,377
2827,377
584,378
1378,378
2006,378
2730,378
2737,378
2963,378
1379,379
1380,380
1381,381
1480,381
1382,382
1383,383
3048,383
857,384
859,384
1384,384
2358,384
1385,385
1696,385
1386,386
1387,387
1388,388
1389,389
1390,390
1391,391
1392,392
2620,392
2631,392
1393,393
1821,393
1394,394
1395,395
3406,395
817,396
1396,396
1397,397
1398,398
1399,399
898,400
1042,400
1400,400
1798,400
2807,400
3063,400
1401,401
1402,402
2382,402
1403,403
110,404
124,404
365,404
404,404
656,404
668,404
1110,404
1124,404
1365,404
1404,404
1656,404
1668,404
2110,404
2124,404
2365,404
2404,404
2656,404
2668,404
3110,404
3124,404
3365,404
3404,404
3656,404
3668,404
1405,405
1406,406
1407,407
1408,408
1409,409
1044,410
1410,410
1411,411
3276,411
1412,412
2227,412
1117,413
1413,413
1414,414
1533,414
1846,414
1974,414
3001,414
3003,414
1415,415
1847,415
2112,415
2858,415
1416,416
1693,416
2278,416
1417,417
2284,417
427,418
536,418
689,418
699,418
1418,418
185,419
297,419
1419,419
3951,419
819,420
1155,420
1420,420
1692,420
2528,420
3002,420
3036,420
3513,420
3730,420
741,421
1252,421
1421,421
1904,421
2889,421
2896,421
3502,421
1422,422
1423,423
1112,424
1424,424
1536,424
1425,425
3856,425
1426,426
1427,427
2276,427
854,428
1428,428
1429,429
2603,429
2649,429
2692,429
3159,429
3921,429
1430,430
1812,430
2940,430
1431,431
2115,431
1432,432
2435,432
1433,433
1434,434
1435,435
1436,436
1437,437
309,438
1438,438
112,439
288,439
424,439
434,439
838,439
1439,439
1183,440
1440,440
1441,441
1442,442
302,443
1443,443
1444,444
1445,445
700,446
703,446
995,446
1446,446
1547,446
1870,446
1,447
305,447
1074,447
1447,447
1448,448
869,449
1116,449
1304,449
1449,449
3029,449
1450,450
1451,451
1452,452
3309,452
1453,453
1454,453
1453,454
1454,454
1455,455
1456,456
1457,457
1458,458
1459,459
454,460
1460,460
1461,461
1462,462
883,463
1357,463
1463,463
1583,463
1737,463
2059,463
1464,464
1465,465
929,466
1466,466
1780,466
2036,466
2341,466
2357,466
2475,466
3583,466
3737,466
1467,467
1468,468
1469,469
1470,470
3722,470
1084,471
1471,471
1472,472
1473,473
1474,474
1475,475
1476,476
1723,476
3357,476
1477,477
1237,478
1259,478
1478,478
1967,478
2521,478
609,479
1010,479
1013,479
1479,479
1618,479
2005,479
3919,479
1381,480
1480,480
588,481
1481,481
893,482
1482,482
551,483
1483,483
3,484
108,484
164,484
398,484
416,484
523,484
809,484
823,484
849,484
974,484
1001,484
1484,484
1649,484
1485,485
41,486
98,486
162,486
1486,486
2027,486
1487,487
1488,488
1489,489
1970,489
1490,490
2577,490
3325,490
1491,491
1520,491
1961,491
3657,491
1492,492
1493,493
1746,493
1219,494
1494,494
2920,494
3482,494
1495,495
1496,496
1497,497
133,498
142,498
590,498
1498,498
1499,499
1689,499
1789,499
1965,499
1500,500
1501,501
1502,502
1945,502
1503,503
1627,503
1504,504
0,505
1505,505
2817,505
2877,505
1226,506
1344,506
1506,506
1585,506
1755,506
1781,506
1927,506
253,507
1507,507
1666,507
2261,507
2375,507
1508,508
1509,509
1510,510
217,511
329,511
362,511
777,511
1024,511
1037,511
1099,511
1511,511
1756,511
2904,511
3795,511
1512,512
1513,513
1921,513
3364,513
3511,513
1514,514
1515,515
242,516
1245,516
1516,516
513,517
1517,517
1817,517
2383,517
3252,517
3663,517
1518,518
1519,519
1491,520
1520,520
1961,520
3657,520
967,521
1521,521
1522,522
505,523
788,523
938,523
1523,523
1955,523
2655,523
667,524
1524,524
3355,524
1525,525
414,526
533,526
837,526
846,526
1526,526
692,527
833,527
861,527
1168,527
1527,527
1528,528
2524,528
3788,528
1529,529
1530,530
3978,530
1531,531
3988,531
1532,532
1685,532
1414,533
1533,533
1846,533
1974,533
3001,533
3003,533
1534,534
3377,534
1535,535
1112,536
1424,536
1536,536
1537,537
1538,538
1539,539
1540,540
1541,541
1305,542
1542,542
3447,542
1543,543
1856,543
1544,544
715,545
981,545
1545,545
1562,545
1873,545
2701,545
990,546
1546,546
3305,546
3430,546
700,547
703,547
995,547
1446,547
1547,547
1870,547
1548,548
312,549
420,549
1549,549
1550,550
1551,551
865,552
1552,552
1553,553
1554,554
2455,554
1081,555
1187,555
1555,555
1556,556
567,557
1557,557
1558,558
1871,558
175,559
1050,559
1559,559
1560,560
1711,560
2380,560
2710,560
1561,561
715,562
981,562
1545,562
1562,562
1873,562
2701,562
1563,563
1564,564
717,565
1565,565
1566,566
1567,567
1568,568
1569,569
129,570
1570,570
1571,571
2732,571
1572,572
2349,572
1573,573
1574,574
1575,575
2347,575
3883,575
1576,576
570,577
1577,577
1578,578
1579,579
1580,580
2773,580
2933,580
1581,581
1582,582
883,583
1357,583
1463,583
1583,583
1737,583
2059,583
271,584
1584,584
1659,584
2798,584
1226,585
1344,585
1506,585
1585,585
1755,585
1781,585
1927,585
1586,586
1587,587
485,588
1588,588
1589,589
1324,590
1590,590
1591,591
3129,591
1592,592
1593,593
1743,593
2218,593
2637,593
2741,593
2914,593
1594,594
2498,594
1595,595
1101,596
1151,596
1596,596
3516,596
1597,597
1598,598
756,599
1599,599
1628,599
2473,599
1600,600
1626,600
1906,600
1601,601
68,602
1602,602
1603,603
2328,603
3341,603
3748,603
1604,604
1605,605
1606,606
605,607
1236,607
1607,607
1199,608
1608,608
618,609
1609,609
2627,609
1610,610
1611,611
1612,612
1088,613
1613,613
2387,613
2,614
36,614
63,614
155,614
600,614
778,614
832,614
953,614
1217,614
1614,614
1774,614
1615,615
662,616
1616,616
1617,617
609,618
1010,618
1013,618
1479,618
1618,618
2005,618
3919,618
1619,619
749,620
766,620
1620,620
3479,620
1621,621
39,622
159,622
373,622
649,622
774,622
1162,622
1622,622
1623,623
1887,623
2746,623
3339,623
1624,624
1625,625
1600,626
1626,626
1906,626
1503,627
1627,627
756,628
1599,628
1628,628
2473,628
374,629
1629,629
3240,629
88,630
613,630
765,630
1630,630
1631,631
1632,632
1633,633
1758,633
1634,634
1635,635
1636,636
1179,637
1637,637
1638,638
1639,639
1640,640
602,641
1641,641
69,642
1642,642
2162,642
1643,643
1644,644
1645,645
1646,646
3911,646
1647,647
1806,647
1648,648
3,649
108,649
164,649
398,649
416,649
523,649
809,649
823,649
849,649
974,649
1001,649
1484,649
1649,649
1650,650
2511,650
2789,650
1651,651
1094,652
1652,652
1940,652
1962,652
3812,652
1653,653
241,654
369,654
1006,654
1654,654
1655,655
2952,655
110,656
124,656
365,656
404,656
656,656
668,656
1110,656
1124,656
1365,656
1404,656
1656,656
1668,656
2110,656
2124,656
2365,656
2404,656
2656,656
2668,656
3110,656
3124,656
3365,656
3404,656
3656,656
3668,656
526,657
1657,657
8,658
37,658
145,658
147,658
243,658
343,658
361,658
652,658
879,658
1658,658
2062,658
271,659
1584,659
1659,659
2798,659
1660,660
962,661
1661,661
1662,662
1232,663
1663,663
1664,664
2041,664
1665,665
253,666
1507,666
1666,666
2261,666
2375,666
637,667
1667,667
3358,667
110,668
124,668
365,668
404,668
656,668
668,668
1110,668
1124,668
1365,668
1404,668
1656,668
1668,668
2110,668
2124,668
2365,668
2404,668
2656,668
2668,668
3110,668
3124,668
3365,668
3404,668
3656,668
3668,668
1669,669
2014,669
825,670
1670,670
2743,670
3652,670
99,671
266,671
1671,671
2399,671
1672,672
622,673
644,673
782,673
802,673
820,673
921,673
952,673
1673,673
1818,673
1674,674
1047,675
1675,675
1828,675
323,676
648,676
1676,676
2268,676
2881,676
1677,677
3279,677
1678,678
1679,679
1680,680
889,681
1681,681
1722,681
1893,681
3232,681
3622,681
1682,682
1683,683
1684,684
1532,685
1685,685
1686,686
2802,686
1687,687
1688,688
1499,689
1689,689
1789,689
1965,689
1690,690
1691,691
819,692
1155,692
1420,692
1692,692
2528,692
3002,692
3036,692
3513,692
3730,692
1416,693
1693,693
2278,693
1694,694
1695,695
1385,696
1696,696
1697,697
1698,698
851,699
1699,699
3164,699
1700,700
3753,700
3823,700
546,701
1701,701
280,702
1283,702
1702,702
1703,703
1704,704
1705,705
1706,706
1707,707
1708,708
436,709
553,709
713,709
871,709
1295,709
1709,709
1710,710
2123,710
3552,710
1560,711
1711,711
2380,711
2710,711
1309,712
1712,712
1713,713
1714,714
3707,714
118,715
455,715
547,715
559,715
562,715
563,715
1715,715
1716,716
3079,716
1717,717
3565,717
1718,718
1719,719
1720,720
1721,721
889,722
1681,722
1722,722
1893,722
3232,722
3622,722
1476,723
1723,723
3357,723
1724,724
1725,725
1726,726
1727,727
1728,728
582,729
1729,729
1730,730
888,731
1731,731
1732,732
750,733
1733,733
1734,734
128,735
464,735
579,735
1735,735
1736,736
883,737
1357,737
1463,737
1583,737
1737,737
2059,737
1738,738
1739,739
1740,740
1741,741
3021,741
1742,742
1593,743
1743,743
2218,743
2637,743
2741,743
2914,743
339,744
887,744
1744,744
499,745
795,745
1745,745
1797,745
1493,746
1746,746
1747,747
212,748
1748,748
1749,749
2215,749
752,750
1750,750
1903,750
2339,750
372,751
1751,751
2232,751
1752,752
2749,752
469,753
1753,753
2621,753
907,754
1008,754
1754,754
1934,754
1226,755
1344,755
1506,755
1585,755
1755,755
1781,755
1927,755
217,756
329,756
362,756
777,756
1024,756
1037,756
1099,756
1511,756
1756,756
2904,756
3795,756
1757,757
1633,758
1758,758
1759,759
1760,760
1761,761
1762,762
1763,763
593,764
1764,764
3343,764
3477,764
1765,765
1766,766
2476,766
357,767
502,767
914,767
1059,767
1060,767
1767,767
2583,767
411,768
1768,768
2007,768
3145,768
1769,769
1770,770
1787,770
1933,770
2951,770
1771,771
1772,772
2067,772
1002,773
1773,773
2,774
36,774
63,774
155,774
600,774
778,774
832,774
953,774
1217,774
1614,774
1774,774
745,775
1775,775
1915,775
1776,776
511,777
954,777
1777,777
2949,777
1778,778
2584,778
1779,779
929,780
1466,780
1780,780
2036,780
2341,780
2357,780
2475,780
3583,780
3737,780
1226,781
1344,781
1506,781
1585,781
1755,781
1781,781
1927,781
1278,782
1782,782
2243,782
1783,783
496,784
1784,784
2155,784
3008,784
1785,785
1786,786
1770,787
1787,787
1933,787
2951,787
1108,788
1788,788
1499,789
1689,789
1789,789
1965,789
254,790
377,790
1790,790
1791,791
1792,792
1793,793
1794,794
9,795
93,795
628,795
910,795
1027,795
1096,795
1795,795
1879,795
2393,795
2960,795
3215,795
3600,795
1796,796
499,797
795,797
1745,797
1797,797
898,798
1042,798
1400,798
1798,798
2807,798
3063,798
1799,799
1800,800
2389,800
1801,801
237,802
259,802
478,802
643,802
654,802
1802,802
1931,802
2266,802
2491,802
396,803
685,803
780,803
1803,803
2499,803
3598,803
1804,804
1949,804
1805,805
3651,805
1647,806
1806,806
1807,807
1808,808
376,809
524,809
657,809
658,809
940,809
949,809
957,809
964,809
1809,809
1810,810
2918,810
1811,811
2250,811
1430,812
1812,812
2940,812
1813,813
1814,814
815,815
1815,815
1816,816
513,817
1517,817
1817,817
2383,817
3252,817
3663,817
622,818
644,818
782,818
802,818
820,818
921,818
952,818
1673,818
1818,818
1819,819
1820,820
1393,821
1821,821
1822,822
117,823
855,823
1823,823
2183,823
2400,823
17,824
73,824
283,824
806,824
1824,824
2037,824
1825,825
2862,825
1826,826
2797,826
3827,826
1041,827
1827,827
1047,828
1675,828
1828,828
1829,829
1830,830
1831,831
1832,832
2684,832
3805,832
520,833
1833,833
1834,834
1835,835
1836,836
425,837
528,837
835,837
1837,837
1838,838
1839,839
3493,839
1840,840
1841,841
1842,842
1843,843
1844,844
3463,844
1845,845
1414,846
1533,846
1846,846
1974,846
3001,846
3003,846
1415,847
1847,847
2112,847
2858,847
417,848
698,848
1848,848
1849,849
1850,850
1851,851
2517,851
415,852
534,852
1852,852
1853,853
12,854
115,854
167,854
225,854
431,854
691,854
853,854
965,854
985,854
991,854
1234,854
1854,854
847,855
1855,855
2547,855
3400,855
1543,856
1856,856
1857,857
1858,858
1859,859
1300,860
1860,860
2304,860
3116,860
1861,861
1862,862
442,863
451,863
1863,863
1864,864
179,865
418,865
1865,865
1866,866
2309,866
1867,867
1868,868
78,869
413,869
1869,869
700,870
703,870
995,870
1446,870
1547,870
1870,870
1558,871
1871,871
1872,872
2995,872
715,873
981,873
1545,873
1562,873
1873,873
2701,873
1874,874
1875,875
1876,876
1021,877
1877,877
2063,877
1878,878
9,879
93,879
628,879
910,879
1027,879
1096,879
1795,879
1879,879
2393,879
2960,879
3215,879
3600,879
1880,880
1881,881
62,882
779,882
1205,882
1882,882
1883,883
1884,884
1885,885
1913,885
1886,886
1623,887
1887,887
2746,887
3339,887
1888,888
2217,888
3893,888
34,889
1889,889
1890,890
2573,890
1891,891
2378,891
1892,892
889,893
1681,893
1722,893
1893,893
3232,893
3622,893
279,894
840,894
1894,894
1895,895
1896,896
2774,896
1897,897
1898,898
1899,899
1900,900
1901,901
1902,902
752,903
1750,903
1903,903
2339,903
741,904
1252,904
1421,904
1904,904
2889,904
2896,904
3502,904
1905,905
1600,906
1626,906
1906,906
1907,907
789,908
931,908
1908,908
1909,909
1011,910
1910,910
2406,910
1911,911
347,912
1327,912
1912,912
1885,913
1913,913
950,914
1914,914
2654,914
745,915
1775,915
1915,915
1916,916
1917,917
3941,917
131,918
471,918
1005,918
1918,918
2013,918
1919,919
1920,920
1513,921
1921,921
3364,921
3511,921
1159,922
1250,922
1922,922
1950,922
2686,922
2745,922
1923,923
1924,924
1925,925
1926,926
1226,927
1344,927
1506,927
1585,927
1755,927
1781,927
1927,927
1928,928
1929,929
1930,930
237,931
259,931
478,931
643,931
654,931
1802,931
1931,931
2266,931
2491,931
1932,932
1770,933
1787,933
1933,933
2951,933
907,934
1008,934
1754,934
1934,934
923,935
1935,935
3741,935
1936,936
1937,937
1938,938
1957,938
2096,938
2893,938
1939,939
1094,940
1652,940
1940,940
1962,940
3812,940
1941,941
1942,942
1943,943
2751,943
1944,944
1502,945
1945,945
638,946
1244,946
1946,946
2061,946
1947,947
2226,947
2506,947
2755,947
2781,947
2927,947
1948,948
2943,948
1804,949
1949,949
1159,950
1250,950
1922,950
1950,950
2686,950
2745,950
494,951
1951,951
1952,952
1953,953
2515,953
792,954
1954,954
3390,954
505,955
788,955
938,955
1523,955
1955,955
2655,955
1956,956
1938,957
1957,957
2096,957
2893,957
67,958
1958,958
1959,959
1960,960
2505,960
2757,960
2966,960
3749,960
3824,960
1491,961
1520,961
1961,961
3657,961
1094,962
1652,962
1940,962
1962,962
3812,962
1963,963
2043,963
1964,964
1499,965
1689,965
1789,965
1965,965
1966,966
2474,966
2482,966
1237,967
1259,967
1478,967
1967,967
2521,967
1968,968
2003,968
2074,968
3280,968
1969,969
3643,969
1489,970
1970,970
1971,971
1972,972
970,973
1973,973
2015,973
2165,973
2173,973
2484,973
1414,974
1533,974
1846,974
1974,974
3001,974
3003,974
1975,975
1976,976
1977,977
1978,978
3532,978
682,979
1979,979
2932,979
1980,980
4,981
48,981
457,981
1981,981
1982,982
1983,983
1984,984
1985,985
2102,985
1276,986
1986,986
2075,986
1987,987
1988,988
1989,989
1990,990
3547,990
1991,991
1992,992
1993,993
1994,994
1995,995
1996,996
1997,997
2709,997
1998,998
1999,999
2000,0
670,1
1332,1
2001,1
2002,2
1968,3
2003,3
2074,3
3280,3
2004,4
2847,4
3536,4
609,5
1010,5
1013,5
1479,5
1618,5
2005,5
3919,5
584,6
1378,6
2006,6
2730,6
2737,6
2963,6
411,7
1768,7
2007,7
3145,7
2008,8
2009,9
2010,10
2376,10
3005,10
3013,10
2011,11
3966,11
1115,12
2012,12
131,13
471,13
1005,13
1918,13
2013,13
1669,14
2014,14
970,15
1973,15
2015,15
2165,15
2173,15
2484,15
2016,16
2029,16
2109,16
2975,16
2017,17
2018,18
2019,19
208,20
1129,20
2020,20
2160,20
1329,21
2021,21
2022,22
197,23
2023,23
2024,24
2790,24
2025,25
2384,25
2026,26
41,27
98,27
162,27
1486,27
2027,27
2028,28
2016,29
2029,29
2109,29
2975,29
2030,30
2031,31
2032,32
3710,32
2033,33
2034,34
2035,35
929,36
1466,36
1780,36
2036,36
2341,36
2357,36
2475,36
3583,36
3737,36
17,37
73,37
283,37
806,37
1824,37
2037,37
2038,38
2039,39
2040,40
1664,41
2041,41
355,42
1152,42
2042,42
1963,43
2043,43
1040,44
2044,44
2045,45
2046,46
2047,47
2675,47
1273,48
2048,48
2432,48
2049,49
2295,49
2553,49
2050,50
2051,51
3193,51
2052,52
2053,53
2054,54
2055,55
2056,56
2057,57
2058,58
883,59
1357,59
1463,59
1583,59
1737,59
2059,59
473,60
1216,60
2060,60
638,61
1244,61
1946,61
2061,61
8,62
37,62
145,62
147,62
243,62
343,62
361,62
652,62
879,62
1658,62
2062,62
1021,63
1877,63
2063,63
2064,64
57,65
64,65
153,65
166,65
207,65
240,65
247,65
2065,65
2066,66
1772,67
2067,67
2068,68
2069,69
2070,70
2071,71
2072,72
2073,73
1968,74
2003,74
2074,74
3280,74
1276,75
1986,75
2075,75
2076,76
30,77
172,77
412,77
1294,77
2077,77
2181,77
441,78
2078,78
2989,78
2079,79
3549,79
2080,80
2081,81
2082,82
3315,82
2083,83
2084,84
2085,85
3133,85
2086,86
2087,87
2088,88
2089,89
2090,90
2091,91
2092,92
2093,93
2094,94
3962,94
2095,95
1938,96
1957,96
2096,96
2893,96
2097,97
2159,97
2361,97
2959,97
3889,97
2098,98
210,99
753,99
2099,99
2100,100
2101,101
2991,101
1985,102
2102,102
2103,103
2369,103
2809,103
3241,103
2104,104
2105,105
2106,106
2107,107
2108,108
2016,109
2029,109
2109,109
2975,109
110,110
124,110
365,110
404,110
656,110
668,110
1110,110
1124,110
1365,110
1404,110
1656,110
1668,110
2110,110
2124,110
2365,110
2404,110
2656,110
2668,110
3110,110
3124,110
3365,110
3404,110
3656,110
3668,110
2111,111
2421,111
1415,112
1847,112
2112,112
2858,112
2113,113
2114,114
1431,115
2115,115
176,116
443,116
2116,116
123,117
2117,117
2118,118
3838,118
2119,119
2120,120
2121,121
2122,122
1710,123
2123,123
3552,123
110,124
124,124
365,124
404,124
656,124
668,124
1110,124
1124,124
1365,124
1404,124
1656,124
1668,124
2110,124
2124,124
2365,124
2404,124
2656,124
2668,124
3110,124
3124,124
3365,124
3404,124
3656,124
3668,124
2125,125
2126,126
2127,127
2128,128
2129,129
2130,130
2131,131
486,132
2132,132
3757,132
2133,133
2134,134
1034,135
2135,135
3327,135
1086,136
1201,136
2136,136
3160,136
3498,136
2137,137
2138,138
2139,139
2140,140
2325,140
2590,140
3220,140
2141,141
2142,142
2143,143
2144,144
218,145
877,145
2145,145
2767,145
3059,145
3060,145
3473,145
2146,146
2147,147
2879,147
2148,148
2149,149
2494,149
2150,150
2151,151
2152,152
2153,153
2154,154
496,155
1784,155
2155,155
3008,155
2156,156
2157,157
2158,158
2097,159
2159,159
2361,159
2959,159
3889,159
208,160
1129,160
2020,160
2160,160
2161,161
69,162
1642,162
2162,162
2163,163
2164,164
2659,164
3520,164
970,165
1973,165
2015,165
2165,165
2173,165
2484,165
2166,166
27,167
922,167
1000,167
2167,167
2234,167
2768,167
3673,167
2168,168
2169,169
2170,170
2171,171
2172,172
3412,172
970,173
1973,173
2015,173
2165,173
2173,173
2484,173
290,174
2174,174
2175,175
2176,176
154,177
1076,177
1196,177
2177,177
1277,178
2178,178
2179,179
3262,179
2180,180
30,181
172,181
412,181
1294,181
2077,181
2181,181
2182,182
117,183
855,183
1823,183
2183,183
2400,183
2184,184
3285,184
2185,185
2186,186
2187,187
2188,188
2189,189
2190,190
2312,190
2191,191
2192,192
2193,193
2194,194
2195,195
2196,196
2197,197
3056,197
899,198
2198,198
2199,199
2200,200
1128,201
2201,201
2202,202
2203,203
2204,204
2205,205
2206,206
2381,206
233,207
238,207
2207,207
2208,208
2209,209
2210,210
2211,211
2212,212
2213,213
2214,214
1749,215
2215,215
2216,216
1888,217
2217,217
3893,217
1593,218
1743,218
2218,218
2637,218
2741,218
2914,218
2219,219
2220,220
350,221
2221,221
1347,222
2222,222
2223,223
2224,224
3335,224
2225,225
1947,226
2226,226
2506,226
2755,226
2781,226
2927,226
1412,227
2227,227
2228,228
2229,229
3790,229
928,230
2230,230
2599,230
2231,231
2805,231
3604,231
3724,231
3933,231
372,232
1751,232
2232,232
220,233
2233,233
27,234
922,234
1000,234
2167,234
2234,234
2768,234
3673,234
33,235
341,235
635,235
1039,235
2235,235
2236,236
2237,237
2238,238
2247,238
2239,239
2240,240
2241,241
3369,241
2242,242
1278,243
1782,243
2243,243
2244,244
975,245
2245,245
758,246
2246,246
2238,247
2247,247
229,248
2248,248
2626,248
2249,249
1811,250
2250,250
2251,251
2252,252
2481,252
2753,252
2826,252
3245,252
2253,253
2254,254
132,255
2255,255
2676,255
2980,255
3514,255
2256,256
2257,257
2258,258
2259,259
2260,260
253,261
1507,261
1666,261
2261,261
2375,261
2262,262
2263,263
265,264
2264,264
2265,265
237,266
259,266
478,266
643,266
654,266
1802,266
1931,266
2266,266
2491,266
2267,267
3681,267
323,268
648,268
1676,268
2268,268
2881,268
2269,269
2270,270
2271,271
3268,271
2272,272
2273,273
2274,274
2275,275
1427,276
2276,276
2277,277
1416,278
1693,278
2278,278
2279,279
2280,280
1113,281
2281,281
2282,282
2283,283
1417,284
2284,284
2285,285
2286,286
2287,287
2288,288
3424,288
2289,289
2290,290
3174,290
2291,291
2292,292
2293,293
2294,294
2049,295
2295,295
2553,295
2296,296
2297,297
120,298
1120,298
2298,298
2299,299
2300,300
1303,301
2301,301
2302,302
2303,303
1300,304
1860,304
2304,304
3116,304
1004,305
2305,305
3419,305
2306,306
2307,307
2308,308
3543,308
1866,309
2309,309
2310,310
2311,311
2190,312
2312,312
876,313
2313,313
2559,313
3050,313
316,314
2314,314
2315,315
2316,316
2317,317
2318,318
2319,319
2320,320
2321,321
2322,322
2323,323
2324,324
3738,324
2140,325
2325,325
2590,325
3220,325
1134,326
1331,326
2326,326
2327,327
1603,328
2328,328
3341,328
3748,328
2329,329
2330,330
2635,330
2331,331
2332,332
3658,332
2333,333
2334,334
140,335
2335,335
2336,336
2337,337
2338,338
3929,338
752,339
1750,339
1903,339
2339,339
2340,340
2463,340
929,341
1466,341
1780,341
2036,341
2341,341
2357,341
2475,341
3583,341
3737,341
2342,342
2343,343
2344,344
1356,345
2345,345
2346,346
1575,347
2347,347
3883,347
2348,348
1572,349
2349,349
2350,350
2351,351
2352,352
2353,353
2354,354
257,355
2355,355
2356,356
929,357
1466,357
1780,357
2036,357
2341,357
2357,357
2475,357
3583,357
3737,357
857,358
859,358
1384,358
2358,358
624,359
1097,359
2359,359
2931,359
2360,360
2097,361
2159,361
2361,361
2959,361
3889,361
1228,362
2362,362
2777,362
2363,363
489,364
2364,364
110,365
124,365
365,365
404,365
656,365
668,365
1110,365
1124,365
1365,365
1404,365
1656,365
1668,365
2110,365
2124,365
2365,365
2404,365
2656,365
2668,365
3110,365
3124,365
3365,365
3404,365
3656,365
3668,365
2366,366
2367,367
897,368
2368,368
3751,368
2103,369
2369,369
2809,369
3241,369
2370,370
2371,371
2372,372
2373,373
1240,374
2374,374
253,375
1507,375
1666,375
2261,375
2375,375
2010,376
2376,376
3005,376
3013,376
514,377
2377,377
3070,377
1891,378
2378,378
2379,379
1560,380
1711,380
2380,380
2710,380
2206,381
2381,381
1402,382
2382,382
513,383
1517,383
1817,383
2383,383
3252,383
3663,383
2025,384
2384,384
2385,385
2386,386
1088,387
1613,387
2387,387
2388,388
1800,389
2389,389
2390,390
2391,391
2392,392
9,393
93,393
628,393
910,393
1027,393
1096,393
1795,393
1879,393
2393,393
2960,393
3215,393
3600,393
2394,394
2395,395
2396,396
2397,397
3061,397
2398,398
3655,398
99,399
266,399
1671,399
2399,399
117,400
855,400
1823,400
2183,400
2400,400
2401,401
2402,402
3963,402
2403,403
110,404
124,404
365,404
404,404
656,404
668,404
1110,404
1124,404
1365,404
1404,404
1656,404
1668,404
2110,404
2124,404
2365,404
2404,404
2656,404
2668,404
3110,404
3124,404
3365,404
3404,404
3656,404
3668,404
2405,405
1011,406
1910,406
2406,406
2407,407
2408,408
2409,409
1106,410
2410,410
2411,411
2412,412
2413,413
2845,413
2414,414
988,415
2415,415
2416,416
2417,417
2418,418
2419,419
2420,420
2111,421
2421,421
2422,422
2423,423
2424,424
2427,424
541,425
2425,425
2426,426
2447,426
2424,427
2427,427
2428,428
2429,429
2430,430
2431,431
1273,432
2048,432
2432,432
2433,433
2434,434
1432,435
2435,435
2436,436
2437,437
1049,438
2438,438
2548,438
2439,439
3554,439
2440,440
2441,441
2442,442
2443,443
2444,444
2445,445
2446,446
2426,447
2447,447
2448,448
2449,449
3716,449
556,450
2450,450
80,451
307,451
549,451
2451,451
2452,452
2703,452
2453,453
1298,454
2454,454
1554,455
2455,455
2456,456
2457,457
3713,457
2458,458
2459,459
2460,460
2461,461
2462,462
2340,463
2463,463
2464,464
2465,465
2466,466
2467,467
3476,467
2468,468
40,469
925,469
941,469
1009,469
2469,469
2733,469
2811,469
2470,470
2471,471
2472,472
756,473
1599,473
1628,473
2473,473
1966,474
2474,474
2482,474
929,475
1466,475
1780,475
2036,475
2341,475
2357,475
2475,475
3583,475
3737,475
1766,476
2476,476
2477,477
2764,477
2478,478
202,479
222,479
1036,479
2479,479
2480,480
2252,481
2481,481
2753,481
2826,481
3245,481
1966,482
2474,482
2482,482
2483,483
970,484
1973,484
2015,484
2165,484
2173,484
2484,484
2485,485
2486,486
2487,487
2488,488
2489,489
2490,490
237,491
259,491
478,491
643,491
654,491
1802,491
1931,491
2266,491
2491,491
2492,492
503,493
627,493
2493,493
3725,493
2149,494
2494,494
2495,495
2496,496
2497,497
1594,498
2498,498
396,499
685,499
780,499
1803,499
2499,499
3598,499
2500,500
2501,501
2502,502
2503,503
2504,504
1960,505
2505,505
2757,505
2966,505
3749,505
3824,505
1947,506
2226,506
2506,506
2755,506
2781,506
2927,506
1253,507
2507,507
204,508
2508,508
2509,509
2510,510
1650,511
2511,511
2789,511
2512,512
215,513
2513,513
2622,513
2634,513
2514,514
1953,515
2515,515
11,516
24,516
25,516
101,516
151,516
596,516
604,516
647,516
791,516
818,516
890,516
966,516
1243,516
2516,516
1851,517
2517,517
2518,518
2519,519
2520,520
2834,520
1237,521
1259,521
1478,521
1967,521
2521,521
2522,522
2523,523
1528,524
2524,524
3788,524
2525,525
2526,526
15,527
71,527
111,527
165,527
173,527
278,527
484,527
664,527
671,527
687,527
960,527
1003,527
1033,527
1164,527
2527,527
2529,527
2752,527
819,528
1155,528
1420,528
1692,528
2528,528
3002,528
3036,528
3513,528
3730,528
15,529
71,529
111,529
165,529
173,529
278,529
484,529
664,529
671,529
687,529
960,529
1003,529
1033,529
1164,529
2527,529
2529,529
2752,529
2530,530
2531,531
2532,532
2533,533
2534,534
2535,535
2536,536
2838,536
3413,536
2537,537
2538,538
2539,539
2540,540
2541,541
2542,542
2543,543
2544,544
276,545
632,545
661,545
1028,545
2545,545
2546,546
2696,546
847,547
1855,547
2547,547
3400,547
1049,548
2438,548
2548,548
2549,549
2550,550
2551,551
1190,552
2552,552
2049,553
2295,553
2553,553
2554,554
2555,555
3032,555
2556,556
2557,557
2558,558
876,559
2313,559
2559,559
3050,559
2560,560
2561,561
32,562
81,562
119,562
295,562
313,562
437,562
450,562
557,562
1311,562
2562,562
2563,563
2564,564
2565,565
2717,565
2566,566
2567,567
2568,568
2569,569
2570,570
2571,571
2572,572
1890,573
2573,573
2574,574
2575,575
2576,576
1490,577
2577,577
3325,577
21,578
359,578
569,578
2578,578
2969,578
3147,578
224,579
1335,579
2579,579
2580,580
2581,581
2582,582
3634,582
357,583
502,583
914,583
1059,583
1060,583
1767,583
2583,583
1778,584
2584,584
2585,585
2586,586
2587,587
3928,587
2588,588
2589,589
2140,590
2325,590
2590,590
3220,590
2591,591
2592,592
587,593
2593,593
3627,593
3755,593
2594,594
2595,595
2596,596
2597,597
171,598
248,598
393,598
807,598
963,598
2598,598
3006,598
928,599
2230,599
2599,599
327,600
621,600
1340,600
2600,600
3637,600
2601,601
2602,602
1429,603
2603,603
2649,603
2692,603
3159,603
3921,603
2604,604
2605,605
2606,606
2607,607
2608,608
2609,609
2618,609
2610,610
2611,611
2612,612
2613,613
476,614
1341,614
2614,614
2615,615
2616,616
2617,617
2609,618
2618,618
2619,619
1392,620
2620,620
2631,620
469,621
1753,621
2621,621
215,622
2513,622
2622,622
2634,622
75,623
106,623
2623,623
2685,623
769,624
1093,624
2624,624
2625,625
229,626
2248,626
2626,626
618,627
1609,627
2627,627
2628,628
3789,628
1154,629
2629,629
2630,630
1392,631
2620,631
2631,631
2632,632
2633,633
215,634
2513,634
2622,634
2634,634
2330,635
2635,635
2636,636
1593,637
1743,637
2218,637
2637,637
2741,637
2914,637
2638,638
2639,639
2640,640
19,641
239,641
939,641
2641,641
2642,642
2643,643
2644,644
2645,645
3507,645
2646,646
2647,647
2648,648
1429,649
2603,649
2649,649
2692,649
3159,649
3921,649
1262,650
2650,650
3731,650
3834,650
2651,651
2956,651
2652,652
2653,653
950,654
1914,654
2654,654
505,655
788,655
938,655
1523,655
1955,655
2655,655
110,656
124,656
365,656
404,656
656,656
668,656
1110,656
1124,656
1365,656
1404,656
1656,656
1668,656
2110,656
2124,656
2365,656
2404,656
2656,656
2668,656
3110,656
3124,656
3365,656
3404,656
3656,656
3668,656
2657,657
2658,658
2164,659
2659,659
3520,659
2660,660
2661,661
2662,662
2663,663
2664,664
2665,665
2666,666
2667,667
110,668
124,668
365,668
404,668
656,668
668,668
1110,668
1124,668
1365,668
1404,668
1656,668
1668,668
2110,668
2124,668
2365,668
2404,668
2656,668
2668,668
3110,668
3124,668
3365,668
3404,668
3656,668
3668,668
2669,669
385,670
2670,670
2671,671
2672,672
406,673
932,673
2673,673
2674,674
2047,675
2675,675
132,676
2255,676
2676,676
2980,676
3514,676
2677,677
2678,678
2679,679
26,680
2680,680
2681,681
2682,682
2683,683
1832,684
2684,684
3805,684
75,685
106,685
2623,685
2685,685
1159,686
1250,686
1922,686
1950,686
2686,686
2745,686
2687,687
2688,688
2689,689
686,690
2690,690
2691,691
1429,692
2603,692
2649,692
2692,692
3159,692
3921,692
2693,693
2694,694
2695,695
2546,696
2696,696
2697,697
2698,698
2699,699
2700,700
2840,700
715,701
981,701
1545,701
1562,701
1873,701
2701,701
2702,702
2452,703
2703,703
2704,704
2705,705
2706,706
2707,707
2708,708
1997,709
2709,709
1560,710
1711,710
2380,710
2710,710
2711,711
2712,712
2713,713
2714,714
2715,715
719,716
2716,716
2565,717
2717,717
2718,718
716,719
2719,719
2720,720
2721,721
1348,722
2722,722
2723,723
2724,724
2725,725
2726,726
727,727
2727,727
3475,727
2728,728
2729,729
584,730
1378,730
2006,730
2730,730
2737,730
2963,730
2731,731
1571,732
2732,732
40,733
925,733
941,733
1009,733
2469,733
2733,733
2811,733
2734,734
1137,735
2735,735
2736,736
584,737
1378,737
2006,737
2730,737
2737,737
2963,737
2738,738
2739,739
2740,740
1593,741
1743,741
2218,741
2637,741
2741,741
2914,741
2742,742
3231,742
825,743
1670,743
2743,743
3652,743
2744,744
1159,745
1250,745
1922,745
1950,745
2686,745
2745,745
1623,746
1887,746
2746,746
3339,746
2747,747
2748,748
1752,749
2749,749
2750,750
1943,751
2751,751
15,752
71,752
111,752
165,752
173,752
278,752
484,752
664,752
671,752
687,752
960,752
1003,752
1033,752
1164,752
2527,752
2529,752
2752,752
2252,753
2481,753
2753,753
2826,753
3245,753
2754,754
1947,755
2226,755
2506,755
2755,755
2781,755
2927,755
7,756
615,756
2756,756
3155,756
1960,757
2505,757
2757,757
2966,757
3749,757
3824,757
2758,758
2759,759
3890,759
2760,760
2761,761
2762,762
2763,763
2477,764
2764,764
726,765
2765,765
2766,766
218,767
877,767
2145,767
2767,767
3059,767
3060,767
3473,767
27,768
922,768
1000,768
2167,768
2234,768
2768,768
3673,768
935,769
2769,769
2770,770
2771,771
2772,772
1580,773
2773,773
2933,773
1896,774
2774,774
1360,775
2775,775
2776,776
1228,777
2362,777
2777,777
2778,778
2779,779
3062,779
3766,779
2780,780
1947,781
2226,781
2506,781
2755,781
2781,781
2927,781
783,782
2782,782
2788,782
2783,783
2784,784
2785,785
2786,786
1361,787
2787,787
783,788
2782,788
2788,788
1650,789
2511,789
2789,789
2024,790
2790,790
2791,791
2792,792
2793,793
2794,794
2795,795
3333,795
2796,796
1826,797
2797,797
3827,797
271,798
1584,798
1659,798
2798,798
2799,799
2800,800
933,801
1229,801
2801,801
2941,801
3383,801
3910,801
1686,802
2802,802
2803,803
3248,803
2804,804
2231,805
2805,805
3604,805
3724,805
3933,805
2806,806
3626,806
898,807
1042,807
1400,807
1798,807
2807,807
3063,807
2808,808
2103,809
2369,809
2809,809
3241,809
2810,810
40,811
925,811
941,811
1009,811
2469,811
2733,811
2811,811
2812,812
3346,812
2813,813
1261,814
2814,814
45,815
2815,815
2816,816
0,817
1505,817
2817,817
2877,817
2818,818
2819,819
2820,820
2821,821
2822,822
2823,823
2824,824
2825,825
2252,826
2481,826
2753,826
2826,826
3245,826
1377,827
2827,827
2828,828
2829,829
2830,830
3506,830
116,831
545,831
2831,831
2832,832
2833,833
2520,834
2834,834
403,835
2835,835
3042,835
2836,836
2837,837
2536,838
2838,838
3413,838
2839,839
2700,840
2840,840
2841,841
2842,842
2843,843
2844,844
2413,845
2845,845
2846,846
2004,847
2847,847
3536,847
2848,848
2849,849
2850,850
2851,851
3151,851
539,852
2852,852
2853,853
2854,854
2855,855
3004,855
1048,856
2856,856
2865,856
3179,856
2857,857
1415,858
1847,858
2112,858
2858,858
2859,859
2860,860
2861,861
1825,862
2862,862
2863,863
2864,864
3310,864
1048,865
2856,865
2865,865
3179,865
2866,866
2867,867
2868,868
2869,869
82,870
304,870
445,870
543,870
1280,870
2870,870
2871,871
2872,872
2873,873
2874,874
3080,874
2875,875
2876,876
0,877
1505,877
2817,877
2877,877
2878,878
2147,879
2879,879
2880,880
323,881
648,881
1676,881
2268,881
2881,881
203,882
336,882
2882,882
2883,883
2884,884
2885,885
2886,886
2887,887
3340,887
2888,888
741,889
1252,889
1421,889
1904,889
2889,889
2896,889
3502,889
2890,890
2891,891
592,892
2892,892
1938,893
1957,893
2096,893
2893,893
2894,894
2895,895
741,896
1252,896
1421,896
1904,896
2889,896
2896,896
3502,896
2897,897
2898,898
3618,898
1372,899
2899,899
2900,900
2901,901
2907,901
56,902
2902,902
2903,903
3659,903
217,904
329,904
362,904
777,904
1024,904
1037,904
1099,904
1511,904
1756,904
2904,904
3795,904
2905,905
2906,906
2901,907
2907,907
332,908
2908,908
3754,908
2909,909
1147,910
2910,910
2911,911
1132,912
2912,912
2917,912
2913,913
1593,914
1743,914
2218,914
2637,914
2741,914
2914,914
2915,915
2916,916
1132,917
2912,917
2917,917
1810,918
2918,918
2919,919
1219,920
1494,920
2920,920
3482,920
28,921
1111,921
2921,921
2936,921
580,922
2922,922
2923,923
2924,924
2925,925
3373,925
2926,926
1947,927
2226,927
2506,927
2755,927
2781,927
2927,927
2928,928
1145,929
2929,929
2930,930
624,931
1097,931
2359,931
2931,931
682,932
1979,932
2932,932
1580,933
2773,933
2933,933
2934,934
2935,935
28,936
1111,936
2921,936
2936,936
2937,937
515,938
918,938
2938,938
2939,939
1430,940
1812,940
2940,940
933,941
1229,941
2801,941
2941,941
3383,941
3910,941
2942,942
1948,943
2943,943
2944,944
2945,945
2946,946
2947,947
3167,947
2948,948
3219,948
511,949
954,949
1777,949
2949,949
2950,950
1770,951
1787,951
1933,951
2951,951
1655,952
2952,952
2953,953
2954,954
1144,955
2955,955
2651,956
2956,956
2957,957
2958,958
2097,959
2159,959
2361,959
2959,959
3889,959
9,960
93,960
628,960
910,960
1027,960
1096,960
1795,960
1879,960
2393,960
2960,960
3215,960
3600,960
2961,961
2962,962
584,963
1378,963
2006,963
2730,963
2737,963
2963,963
2964,964
3047,964
2965,965
1960,966
2505,966
2757,966
2966,966
3749,966
3824,966
2967,967
2968,968
3528,968
21,969
359,969
569,969
2578,969
2969,969
3147,969
2970,970
518,971
2971,971
2972,972
3936,972
2973,973
2974,974
2016,975
2029,975
2109,975
2975,975
2976,976
2977,977
2978,978
2979,979
132,980
2255,980
2676,980
2980,980
3514,980
2981,981
2982,982
2983,983
2984,984
2985,985
2986,986
2987,987
2988,988
441,989
2078,989
2989,989
2990,990
2101,991
2991,991
2992,992
2993,993
2994,994
1872,995
2995,995
554,996
868,996
2996,996
707,997
2997,997
2998,998
2999,999
3000,0
1414,1
1533,1
1846,1
1974,1
3001,1
3003,1
819,2
1155,2
1420,2
1692,2
2528,2
3002,2
3036,2
3513,2
3730,2
1414,3
1533,3
1846,3
1974,3
3001,3
3003,3
2855,4
3004,4
2010,5
2376,5
3005,5
3013,5
171,6
248,6
393,6
807,6
963,6
2598,6
3006,6
3007,7
496,8
1784,8
2155,8
3008,8
3009,9
3010,10
3011,11
3012,12
2010,13
2376,13
3005,13
3013,13
1069,14
3014,14
3015,15
3016,16
3109,16
3017,17
3018,18
3019,19
3020,20
1741,21
3021,21
3022,22
3023,23
3024,24
3025,25
3026,26
3027,27
3028,28
869,29
1116,29
1304,29
1449,29
3029,29
3030,30
3031,31
2555,32
3032,32
3033,33
3034,34
3106,34
3035,35
819,36
1155,36
1420,36
1692,36
2528,36
3002,36
3036,36
3513,36
3730,36
517,37
614,37
3037,37
3038,38
3039,39
3040,40
3041,41
403,42
2835,42
3042,42
3043,43
3044,44
3635,44
3045,45
3046,46
2964,47
3047,47
1383,48
3048,48
3049,49
876,50
2313,50
2559,50
3050,50
3051,51
3052,52
3053,53
3054,54
3055,55
2197,56
3056,56
3057,57
3322,57
3058,58
218,59
877,59
2145,59
2767,59
3059,59
3060,59
3473,59
218,60
877,60
2145,60
2767,60
3059,60
3060,60
3473,60
2397,61
3061,61
2779,62
3062,62
3766,62
898,63
1042,63
1400,63
1798,63
2807,63
3063,63
3064,64
3153,64
3065,65
3066,66
3067,67
3610,67
3068,68
3069,69
514,70
2377,70
3070,70
3071,71
3072,72
3073,73
3074,74
3693,74
3075,75
3076,76
3077,77
3078,78
1716,79
3079,79
2874,80
3080,80
3081,81
3082,82
3083,83
346,84
730,84
3084,84
3085,85
3086,86
3087,87
3088,88
572,89
1349,89
3089,89
3090,90
3091,91
3092,92
3093,93
3094,94
3095,95
3096,96
3097,97
3098,98
3099,99
3603,99
3100,100
3101,101
3102,102
3103,103
3104,104
3105,105
3034,106
3106,106
3107,107
3108,108
3016,109
3109,109
110,110
124,110
365,110
404,110
656,110
668,110
1110,110
1124,110
1365,110
1404,110
1656,110
1668,110
2110,110
2124,110
2365,110
2404,110
2656,110
2668,110
3110,110
3124,110
3365,110
3404,110
3656,110
3668,110
1242,111
3111,111
3621,111
3112,112
3113,113
3114,114
3115,115
1300,116
1860,116
2304,116
3116,116
3117,117
3118,118
3119,119
3120,120
3121,121
3122,122
3123,123
110,124
124,124
365,124
404,124
656,124
668,124
1110,124
1124,124
1365,124
1404,124
1656,124
1668,124
2110,124
2124,124
2365,124
2404,124
2656,124
2668,124
3110,124
3124,124
3365,124
3404,124
3656,124
3668,124
3125,125
3126,126
3127,127
3128,128
1591,129
3129,129
3130,130
3131,131
3132,132
2085,133
3133,133
3134,134
3135,135
3136,136
3137,137
3138,138
3139,139
3140,140
3141,141
3142,142
3143,143
3144,144
411,145
1768,145
2007,145
3145,145
3146,146
21,147
359,147
569,147
2578,147
2969,147
3147,147
3148,148
3149,149
946,150
3150,150
2851,151
3151,151
3152,152
3064,153
3153,153
3154,154
7,155
615,155
2756,155
3155,155
3156,156
3157,157
3158,158
1429,159
2603,159
2649,159
2692,159
3159,159
3921,159
1086,160
1201,160
2136,160
3160,160
3498,160
96,161
3161,161
3162,162
3163,163
851,164
1699,164
3164,164
1071,165
3165,165
3166,166
2947,167
3167,167
3168,168
3169,169
3170,170
3171,171
3172,172
3173,173
2290,174
3174,174
3175,175
3176,176
3177,177
3178,178
1048,179
2856,179
2865,179
3179,179
3180,180
3181,181
1079,182
3182,182
3183,183
1185,184
3184,184
3289,184
3185,185
3186,186
3187,187
3188,188
121,189
1031,189
3189,189
3303,189
3190,190
3191,191
3192,192
2051,193
3193,193
3194,194
3195,195
3196,196
3197,197
3198,198
3199,199
3200,200
3201,201
3202,202
3203,203
3204,204
3205,205
3206,206
3207,207
3233,207
3208,208
38,209
742,209
3209,209
3210,210
3211,211
3601,211
3212,212
3213,213
3214,214
3354,214
9,215
93,215
628,215
910,215
1027,215
1096,215
1795,215
1879,215
2393,215
2960,215
3215,215
3600,215
1157,216
3216,216
3770,216
3217,217
3218,218
3952,218
2948,219
3219,219
2140,220
2325,220
2590,220
3220,220
3221,221
3222,222
3614,222
3223,223
3224,224
3225,225
3226,226
3927,226
3227,227
3228,228
3229,229
3230,230
2742,231
3231,231
889,232
1681,232
1722,232
1893,232
3232,232
3622,232
3207,233
3233,233
599,234
1230,234
3234,234
3235,235
3236,236
3237,237
3238,238
3239,239
374,240
1629,240
3240,240
2103,241
2369,241
2809,241
3241,241
3242,242
74,243
696,243
3243,243
3244,244
2252,245
2481,245
2753,245
2826,245
3245,245
3246,246
3247,247
2803,248
3248,248
3249,249
3250,250
3251,251
513,252
1517,252
1817,252
2383,252
3252,252
3663,252
3253,253
3254,254
3255,255
3256,256
3257,257
3258,258
3259,259
3260,260
3261,261
2179,262
3262,262
3263,263
3264,264
3265,265
3266,266
3267,267
2271,268
3268,268
3269,269
3270,270
3271,271
3272,272
3273,273
3274,274
3275,275
1411,276
3276,276
3277,277
3278,278
1677,279
3279,279
1968,280
2003,280
2074,280
3280,280
3281,281
3282,282
3283,283
3284,284
2184,285
3285,285
3286,286
3287,287
3288,288
1185,289
3184,289
3289,289
3290,290
3291,291
3292,292
3293,293
3294,294
856,295
3295,295
3296,296
3297,297
3298,298
3299,299
3300,300
3301,301
3302,302
121,303
1031,303
3189,303
3303,303
3304,304
990,305
1546,305
3305,305
3430,305
3306,306
3307,307
3308,308
1452,309
3309,309
2864,310
3310,310
3311,311
3312,312
3313,313
447,314
3314,314
2082,315
3315,315
3316,316
3317,317
3318,318
3319,319
3320,320
3321,321
3057,322
3322,322
3323,323
3324,324
1490,325
2577,325
3325,325
196,326
3326,326
1034,327
2135,327
3327,327
3328,328
3329,329
3330,330
3331,331
798,332
3332,332
2795,333
3333,333
3334,334
2224,335
3335,335
3336,336
3337,337
3338,338
1623,339
1887,339
2746,339
3339,339
2887,340
3340,340
1603,341
2328,341
3341,341
3748,341
3342,342
593,343
1764,343
3343,343
3477,343
3344,344
3345,345
3356,345
2812,346
3346,346
3347,347
3907,347
3348,348
3349,349
3350,350
3351,351
3352,352
3353,353
3214,354
3354,354
667,355
1524,355
3355,355
3345,356
3356,356
1476,357
1723,357
3357,357
637,358
1667,358
3358,358
3359,359
3360,360
3361,361
3362,362
3363,363
1513,364
1921,364
3364,364
3511,364
110,365
124,365
365,365
404,365
656,365
668,365
1110,365
1124,365
1365,365
1404,365
1656,365
1668,365
2110,365
2124,365
2365,365
2404,365
2656,365
2668,365
3110,365
3124,365
3365,365
3404,365
3656,365
3668,365
3366,366
3367,367
3368,368
2241,369
3369,369
3370,370
3371,371
3372,372
2925,373
3373,373
3374,374
3375,375
620,376
631,376
1338,376
3376,376
1534,377
3377,377
3378,378
3379,379
285,380
3380,380
3381,381
3382,382
933,383
1229,383
2801,383
2941,383
3383,383
3910,383
3384,384
3385,385
3386,386
3387,387
3630,387
3388,388
1339,389
3389,389
3887,389
792,390
1954,390
3390,390
3391,391
3392,392
3393,393
522,394
3394,394
3395,395
3396,396
3397,397
3398,398
3399,399
847,400
1855,400
2547,400
3400,400
3401,401
3402,402
3403,403
110,404
124,404
365,404
404,404
656,404
668,404
1110,404
1124,404
1365,404
1404,404
1656,404
1668,404
2110,404
2124,404
2365,404
2404,404
2656,404
2668,404
3110,404
3124,404
3365,404
3404,404
3656,404
3668,404
3405,405
1395,406
3406,406
3407,407
3408,408
3409,409
3410,410
3411,411
2172,412
3412,412
2536,413
2838,413
3413,413
3414,414
3415,415
3416,416
3417,417
3418,418
1004,419
2305,419
3419,419
3420,420
3421,421
3422,422
3423,423
2288,424
3424,424
3425,425
3426,426
3427,427
3428,428
3429,429
990,430
1546,430
3305,430
3430,430
3431,431
3432,432
3433,433
542,434
1078,434
3434,434
3435,435
3859,435
3436,436
3437,437
3438,438
3874,438
3439,439
3455,439
3440,440
3441,441
3442,442
3443,443
1306,444
3444,444
3445,445
3446,446
1305,447
1542,447
3447,447
3448,448
3449,449
3450,450
3451,451
3452,452
3453,453
712,454
3454,454
3439,455
3455,455
125,456
3456,456
3457,457
3458,458
3459,459
3460,460
3461,461
3462,462
1844,463
3463,463
3464,464
3465,465
3466,466
3467,467
3468,468
3469,469
3470,470
3471,471
3472,472
218,473
877,473
2145,473
2767,473
3059,473
3060,473
3473,473
571,474
3474,474
727,475
2727,475
3475,475
2467,476
3476,476
593,477
1764,477
3343,477
3477,477
3478,478
749,479
766,479
1620,479
3479,479
3480,480
3481,481
1219,482
1494,482
2920,482
3482,482
3483,483
103,484
3484,484
3485,485
3486,486
3487,487
3488,488
3489,489
3490,490
3491,491
3492,492
1839,493
3493,493
3494,494
3495,495
3496,496
3497,497
1086,498
1201,498
2136,498
3160,498
3498,498
803,499
1135,499
3499,499
3500,500
3501,501
741,502
1252,502
1421,502
1904,502
2889,502
2896,502
3502,502
3503,503
3504,504
3505,505
2830,506
3506,506
2645,507
3507,507
3508,508
3509,509
3510,510
1513,511
1921,511
3364,511
3511,511
3512,512
819,513
1155,513
1420,513
1692,513
2528,513
3002,513
3036,513
3513,513
3730,513
132,514
2255,514
2676,514
2980,514
3514,514
3515,515
1101,516
1151,516
1596,516
3516,516
3517,517
3518,518
3519,519
2164,520
2659,520
3520,520
3521,521
3522,522
3523,523
3524,524
3525,525
3526,526
3527,527
2968,528
3528,528
3529,529
3530,530
3531,531
1978,532
3532,532
3533,533
3534,534
3535,535
2004,536
2847,536
3536,536
3537,537
3538,538
3539,539
3540,540
3541,541
3542,542
2308,543
3543,543
3544,544
3545,545
3993,545
3546,546
1990,547
3547,547
3548,548
2079,549
3549,549
3550,550
3551,551
1710,552
2123,552
3552,552
3553,553
3871,553
2439,554
3554,554
3555,555
3556,556
3557,557
3558,558
3563,558
3559,559
3560,560
3561,561
3562,562
3558,563
3563,563
3564,564
1717,565
3565,565
3566,566
3567,567
3568,568
3569,569
3612,569
3570,570
3571,571
3572,572
144,573
223,573
1063,573
1343,573
3573,573
3574,574
400,575
402,575
527,575
3575,575
3576,576
3577,577
209,578
1007,578
3578,578
3579,579
3580,580
3581,581
351,582
3582,582
929,583
1466,583
1780,583
2036,583
2341,583
2357,583
2475,583
3583,583
3737,583
3584,584
3585,585
3586,586
787,587
926,587
3587,587
3588,588
3589,589
3590,590
3591,591
3592,592
3593,593
3594,594
3595,595
3596,596
841,597
3597,597
3631,597
396,598
685,598
780,598
1803,598
2499,598
3598,598
3599,599
9,600
93,600
628,600
910,600
1027,600
1096,600
1795,600
1879,600
2393,600
2960,600
3215,600
3600,600
3211,601
3601,601
3602,602
3099,603
3603,603
2231,604
2805,604
3604,604
3724,604
3933,604
3605,605
3606,606
3607,607
3608,608
3609,609
3067,610
3610,610
3611,611
3569,612
3612,612
3613,613
3222,614
3614,614
3615,615
3616,616
3617,617
2898,618
3618,618
3619,619
585,620
3620,620
1242,621
3111,621
3621,621
889,622
1681,622
1722,622
1893,622
3232,622
3622,622
3623,623
3624,624
3625,625
2806,626
3626,626
587,627
2593,627
3627,627
3755,627
3628,628
3629,629
3387,630
3630,630
841,631
3597,631
3631,631
3632,632
3633,633
2582,634
3634,634
3044,635
3635,635
3636,636
327,637
621,637
1340,637
2600,637
3637,637
3638,638
3639,639
3640,640
3641,641
3642,642
1969,643
3643,643
3644,644
3645,645
3646,646
3647,647
3648,648
3649,649
3650,650
1805,651
3651,651
825,652
1670,652
2743,652
3652,652
3653,653
3654,654
2398,655
3655,655
110,656
124,656
365,656
404,656
656,656
668,656
1110,656
1124,656
1365,656
1404,656
1656,656
1668,656
2110,656
2124,656
2365,656
2404,656
2656,656
2668,656
3110,656
3124,656
3365,656
3404,656
3656,656
3668,656
1491,657
1520,657
1961,657
3657,657
2332,658
3658,658
2903,659
3659,659
3660,660
3661,661
3662,662
513,663
1517,663
1817,663
2383,663
3252,663
3663,663
3664,664
3665,665
3666,666
3667,667
110,668
124,668
365,668
404,668
656,668
668,668
1110,668
1124,668
1365,668
1404,668
1656,668
1668,668
2110,668
2124,668
2365,668
2404,668
2656,668
2668,668
3110,668
3124,668
3365,668
3404,668
3656,668
3668,668
3669,669
3670,670
3671,671
3672,672
27,673
922,673
1000,673
2167,673
2234,673
2768,673
3673,673
3674,674
3675,675
3676,676
3677,677
3678,678
3679,679
1026,680
3680,680
2267,681
3681,681
3682,682
3683,683
3684,684
3685,685
3686,686
3687,687
3688,688
3689,689
3690,690
3691,691
3840,691
3692,692
3074,693
3693,693
3694,694
3695,695
3696,696
3697,697
3698,698
3699,699
3700,700
3701,701
676,702
693,702
852,702
945,702
1167,702
3702,702
3703,703
3704,704
3705,705
3706,706
1714,707
3707,707
3708,708
3709,709
2032,710
3710,710
3711,711
3712,712
3876,712
2457,713
3713,713
3714,714
3715,715
2449,716
3716,716
3717,717
3718,718
3719,719
3720,720
3721,721
1470,722
3722,722
3723,723
2231,724
2805,724
3604,724
3724,724
3933,724
503,725
627,725
2493,725
3725,725
3726,726
3727,727
3728,728
3729,729
819,730
1155,730
1420,730
1692,730
2528,730
3002,730
3036,730
3513,730
3730,730
1262,731
2650,731
3731,731
3834,731
3732,732
3733,733
3734,734
3735,735
3736,736
929,737
1466,737
1780,737
2036,737
2341,737
2357,737
2475,737
3583,737
3737,737
2324,738
3738,738
3739,739
3740,740
923,741
1935,741
3741,741
3742,742
3768,742
3743,743
3744,744
3745,745
338,746
3746,746
3747,747
1603,748
2328,748
3341,748
3748,748
1960,749
2505,749
2757,749
2966,749
3749,749
3824,749
3750,750
897,751
2368,751
3751,751
3752,752
1700,753
3753,753
3823,753
332,754
2908,754
3754,754
587,755
2593,755
3627,755
3755,755
3756,756
486,757
2132,757
3757,757
3758,758
3759,759
3760,760
3767,760
3761,761
3762,762
3763,763
3764,764
3765,765
2779,766
3062,766
3766,766
3760,767
3767,767
3742,768
3768,768
3769,769
1157,770
3216,770
3770,770
3771,771
3772,772
3773,773
344,774
3774,774
3775,775
3776,776
3777,777
3778,778
3779,779
3780,780
3781,781
3782,782
3940,782
3783,783
3784,784
3785,785
3786,786
3787,787
1528,788
2524,788
3788,788
2628,789
3789,789
2229,790
3790,790
3791,791
3792,792
3793,793
3794,794
217,795
329,795
362,795
777,795
1024,795
1037,795
1099,795
1511,795
1756,795
2904,795
3795,795
3796,796
3797,797
3798,798
3799,799
3800,800
3801,801
1268,802
3802,802
3803,803
3804,804
1832,805
2684,805
3805,805
669,806
3806,806
3807,807
3808,808
3809,809
3975,809
3810,810
3811,811
1094,812
1652,812
1940,812
1962,812
3812,812
3813,813
3814,814
3815,815
3816,816
3817,817
3818,818
3819,819
3820,820
3821,821
3822,822
1700,823
3753,823
3823,823
1960,824
2505,824
2757,824
2966,824
3749,824
3824,824
3825,825
3826,826
1826,827
2797,827
3827,827
3828,828
3829,829
3830,830
3831,831
3832,832
3833,833
1262,834
2650,834
3731,834
3834,834
3835,835
3836,836
3837,837
2118,838
3838,838
3839,839
3691,840
3840,840
3841,841
3842,842
3843,843
3844,844
3845,845
3846,846
3847,847
3848,848
3849,849
3850,850
3851,851
3852,852
3853,853
3854,854
3855,855
1425,856
3856,856
3857,857
3858,858
3435,859
3859,859
3860,860
3861,861
1023,862
3862,862
3863,863
3864,864
1012,865
3865,865
3866,866
3867,867
3868,868
3869,869
3870,870
3553,871
3871,871
3872,872
3873,873
3438,874
3874,874
3875,875
3712,876
3876,876
961,877
3877,877
3878,878
231,879
3879,879
3880,880
3881,881
3882,882
1575,883
2347,883
3883,883
3884,884
3885,885
3886,886
1339,887
3389,887
3887,887
3888,888
2097,889
2159,889
2361,889
2959,889
3889,889
2759,890
3890,890
3891,891
3892,892
1888,893
2217,893
3893,893
3894,894
3895,895
3896,896
3897,897
3898,898
3899,899
3900,900
3901,901
762,902
944,902
3902,902
3903,903
3904,904
3905,905
3906,906
3347,907
3907,907
3908,908
3909,909
933,910
1229,910
2801,910
2941,910
3383,910
3910,910
1646,911
3911,911
3912,912
3913,913
3914,914
3915,915
3916,916
3917,917
3918,918
609,919
1010,919
1013,919
1479,919
1618,919
2005,919
3919,919
3920,920
1429,921
2603,921
2649,921
2692,921
3159,921
3921,921
3922,922
3923,923
3924,924
959,925
3925,925
3926,926
3226,927
3927,927
2587,928
3928,928
2338,929
3929,929
3930,930
3931,931
3932,932
2231,933
2805,933
3604,933
3724,933
3933,933
3934,934
3935,935
2972,936
3936,936
3937,937
3938,938
3939,939
3782,940
3940,940
1917,941
3941,941
3942,942
3943,943
653,944
3944,944
3945,945
3946,946
3947,947
3948,948
3949,949
3950,950
185,951
297,951
1419,951
3951,951
3218,952
3952,952
3953,953
3954,954
3955,955
3956,956
3957,957
3958,958
3959,959
3960,960
3961,961
2094,962
3962,962
2402,963
3963,963
3964,964
3965,965
2011,966
3966,966
3967,967
3968,968
3969,969
3970,970
3971,971
3972,972
3973,973
1279,974
3974,974
3809,975
3975,975
3976,976
3977,977
1530,978
3978,978
3979,979
3980,980
3981,981
3982,982
3983,983
3984,984
3985,985
3986,986
3987,987
1531,988
3988,988
3989,989
3990,990
3991,991
3992,992
3545,993
3993,993
3994,994
3995,995
3996,996
1032,997
3997,997
3998,998
3999,999
